C:\Users\abdelrahman\Downloads\Self-driving Car\IMG\center_2018_10_21_18_02_24_593.jpg, C:\Users\abdelrahman\Downloads\Self-driving Car\IMG\left_2018_10_21_18_02_24_593.jpg, C:\Users\abdelrahman\Downloads\Self-driving Car\IMG\right_2018_10_21_18_02_24_593.jpg, 0, 0, 0, 7.808262E-05
C:\Users\abdelrahman\Downloads\Self-driving Car\IMG\center_2018_10_21_18_02_27_073.jpg, C:\Users\abdelrahman\Downloads\Self-driving Car\IMG\left_2018_10_21_18_02_27_073.jpg, C:\Users\abdelrahman\Downloads\Self-driving Car\IMG\right_2018_10_21_18_02_27_073.jpg, 0, 0, 0, 7.831732E-05
C:\Users\abdelrahman\Downloads\Self-driving Car\IMG\center_2018_10_21_18_02_28_695.jpg, C:\Users\abdelrahman\Downloads\Self-driving Car\IMG\left_2018_10_21_18_02_28_695.jpg, C:\Users\abdelrahman\Downloads\Self-driving Car\IMG\right_2018_10_21_18_02_28_695.jpg, 0, 0, 0, 7.804363E-05
C:\Users\abdelrahman\Downloads\Self-driving Car\IMG\center_2018_10_21_18_02_28_853.jpg, C:\Users\abdelrahman\Downloads\Self-driving Car\IMG\left_2018_10_21_18_02_28_853.jpg, C:\Users\abdelrahman\Downloads\Self-driving Car\IMG\right_2018_10_21_18_02_28_853.jpg, 0, 0, 0, 7.782671E-05
C:\Users\abdelrahman\Downloads\Self-driving Car\IMG\center_2018_10_21_18_02_28_998.jpg, C:\Users\abdelrahman\Downloads\Self-driving Car\IMG\left_2018_10_21_18_02_28_998.jpg, C:\Users\abdelrahman\Downloads\Self-driving Car\IMG\right_2018_10_21_18_02_28_998.jpg, 0, 0, 0, 7.970458E-05
C:\Users\abdelrahman\Downloads\Self-driving Car\IMG\center_2018_10_21_18_02_29_666.jpg, C:\Users\abdelrahman\Downloads\Self-driving Car\IMG\left_2018_10_21_18_02_29_666.jpg, C:\Users\abdelrahman\Downloads\Self-driving Car\IMG\right_2018_10_21_18_02_29_666.jpg, 0, 0, 0, 7.886279E-05
C:\Users\abdelrahman\Downloads\Self-driving Car\IMG\center_2018_10_21_18_02_30_121.jpg, C:\Users\abdelrahman\Downloads\Self-driving Car\IMG\left_2018_10_21_18_02_30_121.jpg, C:\Users\abdelrahman\Downloads\Self-driving Car\IMG\right_2018_10_21_18_02_30_121.jpg, 0, 0, 0, 7.845505E-05
C:\Users\abdelrahman\Downloads\Self-driving Car\IMG\center_2018_10_21_18_02_30_216.jpg, C:\Users\abdelrahman\Downloads\Self-driving Car\IMG\left_2018_10_21_18_02_30_216.jpg, C:\Users\abdelrahman\Downloads\Self-driving Car\IMG\right_2018_10_21_18_02_30_216.jpg, 0, 0, 0, 7.958431E-05
C:\Users\abdelrahman\Downloads\Self-driving Car\IMG\center_2018_10_21_18_02_30_319.jpg, C:\Users\abdelrahman\Downloads\Self-driving Car\IMG\left_2018_10_21_18_02_30_319.jpg, C:\Users\abdelrahman\Downloads\Self-driving Car\IMG\right_2018_10_21_18_02_30_319.jpg, 0, 0, 0, 7.937705E-05
C:\Users\abdelrahman\Downloads\Self-driving Car\IMG\center_2018_10_21_18_02_30_425.jpg, C:\Users\abdelrahman\Downloads\Self-driving Car\IMG\left_2018_10_21_18_02_30_425.jpg, C:\Users\abdelrahman\Downloads\Self-driving Car\IMG\right_2018_10_21_18_02_30_425.jpg, 0, 0, 0, 7.853738E-05
C:\Users\abdelrahman\Downloads\Self-driving Car\IMG\center_2018_10_21_18_02_30_534.jpg, C:\Users\abdelrahman\Downloads\Self-driving Car\IMG\left_2018_10_21_18_02_30_534.jpg, C:\Users\abdelrahman\Downloads\Self-driving Car\IMG\right_2018_10_21_18_02_30_534.jpg, 0, 0, 0, 7.870919E-05
C:\Users\abdelrahman\Downloads\Self-driving Car\IMG\center_2018_10_21_18_02_30_638.jpg, C:\Users\abdelrahman\Downloads\Self-driving Car\IMG\left_2018_10_21_18_02_30_638.jpg, C:\Users\abdelrahman\Downloads\Self-driving Car\IMG\right_2018_10_21_18_02_30_638.jpg, 0, 0, 0, 7.974105E-05
C:\Users\abdelrahman\Downloads\Self-driving Car\IMG\center_2018_10_21_18_02_30_744.jpg, C:\Users\abdelrahman\Downloads\Self-driving Car\IMG\left_2018_10_21_18_02_30_744.jpg, C:\Users\abdelrahman\Downloads\Self-driving Car\IMG\right_2018_10_21_18_02_30_744.jpg, 0, 0, 0, 7.779769E-05
C:\Users\abdelrahman\Downloads\Self-driving Car\IMG\center_2018_10_21_18_02_30_848.jpg, C:\Users\abdelrahman\Downloads\Self-driving Car\IMG\left_2018_10_21_18_02_30_848.jpg, C:\Users\abdelrahman\Downloads\Self-driving Car\IMG\right_2018_10_21_18_02_30_848.jpg, 0, 0, 0, 7.867254E-05
C:\Users\abdelrahman\Downloads\Self-driving Car\IMG\center_2018_10_21_18_02_30_952.jpg, C:\Users\abdelrahman\Downloads\Self-driving Car\IMG\left_2018_10_21_18_02_30_952.jpg, C:\Users\abdelrahman\Downloads\Self-driving Car\IMG\right_2018_10_21_18_02_30_952.jpg, 0, 0, 0, 7.85813E-05
C:\Users\abdelrahman\Downloads\Self-driving Car\IMG\center_2018_10_21_18_02_31_056.jpg, C:\Users\abdelrahman\Downloads\Self-driving Car\IMG\left_2018_10_21_18_02_31_056.jpg, C:\Users\abdelrahman\Downloads\Self-driving Car\IMG\right_2018_10_21_18_02_31_056.jpg, 0, 0, 0, 7.904153E-05
C:\Users\abdelrahman\Downloads\Self-driving Car\IMG\center_2018_10_21_18_02_31_158.jpg, C:\Users\abdelrahman\Downloads\Self-driving Car\IMG\left_2018_10_21_18_02_31_158.jpg, C:\Users\abdelrahman\Downloads\Self-driving Car\IMG\right_2018_10_21_18_02_31_158.jpg, 0, 0, 0, 7.947123E-05
C:\Users\abdelrahman\Downloads\Self-driving Car\IMG\center_2018_10_21_18_02_31_263.jpg, C:\Users\abdelrahman\Downloads\Self-driving Car\IMG\left_2018_10_21_18_02_31_263.jpg, C:\Users\abdelrahman\Downloads\Self-driving Car\IMG\right_2018_10_21_18_02_31_263.jpg, 0, 0, 0, 7.785791E-05
C:\Users\abdelrahman\Downloads\Self-driving Car\IMG\center_2018_10_21_18_02_31_368.jpg, C:\Users\abdelrahman\Downloads\Self-driving Car\IMG\left_2018_10_21_18_02_31_368.jpg, C:\Users\abdelrahman\Downloads\Self-driving Car\IMG\right_2018_10_21_18_02_31_368.jpg, 0, 0, 0, 7.941679E-05
C:\Users\abdelrahman\Downloads\Self-driving Car\IMG\center_2018_10_21_18_02_31_470.jpg, C:\Users\abdelrahman\Downloads\Self-driving Car\IMG\left_2018_10_21_18_02_31_470.jpg, C:\Users\abdelrahman\Downloads\Self-driving Car\IMG\right_2018_10_21_18_02_31_470.jpg, 0, 0, 0, 7.819261E-05
C:\Users\abdelrahman\Downloads\Self-driving Car\IMG\center_2018_10_21_18_02_31_589.jpg, C:\Users\abdelrahman\Downloads\Self-driving Car\IMG\left_2018_10_21_18_02_31_589.jpg, C:\Users\abdelrahman\Downloads\Self-driving Car\IMG\right_2018_10_21_18_02_31_589.jpg, 0, 0, 0, 7.784307E-05
C:\Users\abdelrahman\Downloads\Self-driving Car\IMG\center_2018_10_21_18_02_32_595.jpg, C:\Users\abdelrahman\Downloads\Self-driving Car\IMG\left_2018_10_21_18_02_32_595.jpg, C:\Users\abdelrahman\Downloads\Self-driving Car\IMG\right_2018_10_21_18_02_32_595.jpg, -1, 1, 0, 4.029037
C:\Users\abdelrahman\Downloads\Self-driving Car\IMG\center_2018_10_21_18_02_32_695.jpg, C:\Users\abdelrahman\Downloads\Self-driving Car\IMG\left_2018_10_21_18_02_32_695.jpg, C:\Users\abdelrahman\Downloads\Self-driving Car\IMG\right_2018_10_21_18_02_32_695.jpg, -0.7288164, 1, 0, 5.195107
C:\Users\abdelrahman\Downloads\Self-driving Car\IMG\center_2018_10_21_18_02_32_797.jpg, C:\Users\abdelrahman\Downloads\Self-driving Car\IMG\left_2018_10_21_18_02_32_797.jpg, C:\Users\abdelrahman\Downloads\Self-driving Car\IMG\right_2018_10_21_18_02_32_797.jpg, -0.959289, 0.7324717, 0, 6.038121
C:\Users\abdelrahman\Downloads\Self-driving Car\IMG\center_2018_10_21_18_02_32_898.jpg, C:\Users\abdelrahman\Downloads\Self-driving Car\IMG\left_2018_10_21_18_02_32_898.jpg, C:\Users\abdelrahman\Downloads\Self-driving Car\IMG\right_2018_10_21_18_02_32_898.jpg, -0.8978468, 0.4315364, 0, 6.57772
C:\Users\abdelrahman\Downloads\Self-driving Car\IMG\center_2018_10_21_18_02_33_002.jpg, C:\Users\abdelrahman\Downloads\Self-driving Car\IMG\left_2018_10_21_18_02_33_002.jpg, C:\Users\abdelrahman\Downloads\Self-driving Car\IMG\right_2018_10_21_18_02_33_002.jpg, -0.5467193, 0.08040897, 0, 6.836905
C:\Users\abdelrahman\Downloads\Self-driving Car\IMG\center_2018_10_21_18_02_33_102.jpg, C:\Users\abdelrahman\Downloads\Self-driving Car\IMG\left_2018_10_21_18_02_33_102.jpg, C:\Users\abdelrahman\Downloads\Self-driving Car\IMG\right_2018_10_21_18_02_33_102.jpg, -0.2442597, 0.0291938, 0, 6.792033
C:\Users\abdelrahman\Downloads\Self-driving Car\IMG\center_2018_10_21_18_02_33_208.jpg, C:\Users\abdelrahman\Downloads\Self-driving Car\IMG\left_2018_10_21_18_02_33_208.jpg, C:\Users\abdelrahman\Downloads\Self-driving Car\IMG\right_2018_10_21_18_02_33_208.jpg, 0, 0.3436388, 0, 6.975224
C:\Users\abdelrahman\Downloads\Self-driving Car\IMG\center_2018_10_21_18_02_33_311.jpg, C:\Users\abdelrahman\Downloads\Self-driving Car\IMG\left_2018_10_21_18_02_33_311.jpg, C:\Users\abdelrahman\Downloads\Self-driving Car\IMG\right_2018_10_21_18_02_33_311.jpg, 0, 0.05238974, 0, 7.107361
C:\Users\abdelrahman\Downloads\Self-driving Car\IMG\center_2018_10_21_18_02_33_415.jpg, C:\Users\abdelrahman\Downloads\Self-driving Car\IMG\left_2018_10_21_18_02_33_415.jpg, C:\Users\abdelrahman\Downloads\Self-driving Car\IMG\right_2018_10_21_18_02_33_415.jpg, 0, 0, 0, 7.039363
C:\Users\abdelrahman\Downloads\Self-driving Car\IMG\center_2018_10_21_18_02_33_515.jpg, C:\Users\abdelrahman\Downloads\Self-driving Car\IMG\left_2018_10_21_18_02_33_515.jpg, C:\Users\abdelrahman\Downloads\Self-driving Car\IMG\right_2018_10_21_18_02_33_515.jpg, 0, 0.2558637, 0, 7.175325
C:\Users\abdelrahman\Downloads\Self-driving Car\IMG\center_2018_10_21_18_02_33_620.jpg, C:\Users\abdelrahman\Downloads\Self-driving Car\IMG\left_2018_10_21_18_02_33_620.jpg, C:\Users\abdelrahman\Downloads\Self-driving Car\IMG\right_2018_10_21_18_02_33_620.jpg, 0, 0.6178296, 0, 7.81767
C:\Users\abdelrahman\Downloads\Self-driving Car\IMG\center_2018_10_21_18_02_33_721.jpg, C:\Users\abdelrahman\Downloads\Self-driving Car\IMG\left_2018_10_21_18_02_33_721.jpg, C:\Users\abdelrahman\Downloads\Self-driving Car\IMG\right_2018_10_21_18_02_33_721.jpg, 0, 0.9186674, 0, 8.706108
C:\Users\abdelrahman\Downloads\Self-driving Car\IMG\center_2018_10_21_18_02_33_840.jpg, C:\Users\abdelrahman\Downloads\Self-driving Car\IMG\left_2018_10_21_18_02_33_840.jpg, C:\Users\abdelrahman\Downloads\Self-driving Car\IMG\right_2018_10_21_18_02_33_840.jpg, 0, 1, 0, 10.04252
C:\Users\abdelrahman\Downloads\Self-driving Car\IMG\center_2018_10_21_18_02_33_944.jpg, C:\Users\abdelrahman\Downloads\Self-driving Car\IMG\left_2018_10_21_18_02_33_944.jpg, C:\Users\abdelrahman\Downloads\Self-driving Car\IMG\right_2018_10_21_18_02_33_944.jpg, -0.06107797, 1, 0, 11.14847
C:\Users\abdelrahman\Downloads\Self-driving Car\IMG\center_2018_10_21_18_02_34_047.jpg, C:\Users\abdelrahman\Downloads\Self-driving Car\IMG\left_2018_10_21_18_02_34_047.jpg, C:\Users\abdelrahman\Downloads\Self-driving Car\IMG\right_2018_10_21_18_02_34_047.jpg, -0.268098, 1, 0, 12.01876
C:\Users\abdelrahman\Downloads\Self-driving Car\IMG\center_2018_10_21_18_02_34_151.jpg, C:\Users\abdelrahman\Downloads\Self-driving Car\IMG\left_2018_10_21_18_02_34_151.jpg, C:\Users\abdelrahman\Downloads\Self-driving Car\IMG\right_2018_10_21_18_02_34_151.jpg, 0, 1, 0, 13.38293
C:\Users\abdelrahman\Downloads\Self-driving Car\IMG\center_2018_10_21_18_02_34_257.jpg, C:\Users\abdelrahman\Downloads\Self-driving Car\IMG\left_2018_10_21_18_02_34_257.jpg, C:\Users\abdelrahman\Downloads\Self-driving Car\IMG\right_2018_10_21_18_02_34_257.jpg, 0, 1, 0, 14.38479
C:\Users\abdelrahman\Downloads\Self-driving Car\IMG\center_2018_10_21_18_02_34_363.jpg, C:\Users\abdelrahman\Downloads\Self-driving Car\IMG\left_2018_10_21_18_02_34_363.jpg, C:\Users\abdelrahman\Downloads\Self-driving Car\IMG\right_2018_10_21_18_02_34_363.jpg, 0, 0.8194488, 0, 15.63759
C:\Users\abdelrahman\Downloads\Self-driving Car\IMG\center_2018_10_21_18_02_34_473.jpg, C:\Users\abdelrahman\Downloads\Self-driving Car\IMG\left_2018_10_21_18_02_34_473.jpg, C:\Users\abdelrahman\Downloads\Self-driving Car\IMG\right_2018_10_21_18_02_34_473.jpg, 0, 0.4902498, 0, 16.0792
C:\Users\abdelrahman\Downloads\Self-driving Car\IMG\center_2018_10_21_18_02_34_576.jpg, C:\Users\abdelrahman\Downloads\Self-driving Car\IMG\left_2018_10_21_18_02_34_576.jpg, C:\Users\abdelrahman\Downloads\Self-driving Car\IMG\right_2018_10_21_18_02_34_576.jpg, -0.2729591, 0.2172906, 0, 16.48552
C:\Users\abdelrahman\Downloads\Self-driving Car\IMG\center_2018_10_21_18_02_34_682.jpg, C:\Users\abdelrahman\Downloads\Self-driving Car\IMG\left_2018_10_21_18_02_34_682.jpg, C:\Users\abdelrahman\Downloads\Self-driving Car\IMG\right_2018_10_21_18_02_34_682.jpg, -0.2651074, 0, 0, 16.36067
C:\Users\abdelrahman\Downloads\Self-driving Car\IMG\center_2018_10_21_18_02_34_783.jpg, C:\Users\abdelrahman\Downloads\Self-driving Car\IMG\left_2018_10_21_18_02_34_783.jpg, C:\Users\abdelrahman\Downloads\Self-driving Car\IMG\right_2018_10_21_18_02_34_783.jpg, -0.02259937, 0, 0, 15.795
C:\Users\abdelrahman\Downloads\Self-driving Car\IMG\center_2018_10_21_18_02_34_885.jpg, C:\Users\abdelrahman\Downloads\Self-driving Car\IMG\left_2018_10_21_18_02_34_885.jpg, C:\Users\abdelrahman\Downloads\Self-driving Car\IMG\right_2018_10_21_18_02_34_885.jpg, -0.07343547, 0, 0, 16.12921
C:\Users\abdelrahman\Downloads\Self-driving Car\IMG\center_2018_10_21_18_02_34_990.jpg, C:\Users\abdelrahman\Downloads\Self-driving Car\IMG\left_2018_10_21_18_02_34_990.jpg, C:\Users\abdelrahman\Downloads\Self-driving Car\IMG\right_2018_10_21_18_02_34_990.jpg, 0, 0, 0, 15.43298
C:\Users\abdelrahman\Downloads\Self-driving Car\IMG\center_2018_10_21_18_02_35_091.jpg, C:\Users\abdelrahman\Downloads\Self-driving Car\IMG\left_2018_10_21_18_02_35_091.jpg, C:\Users\abdelrahman\Downloads\Self-driving Car\IMG\right_2018_10_21_18_02_35_091.jpg, 0, 0, 0, 15.81559
C:\Users\abdelrahman\Downloads\Self-driving Car\IMG\center_2018_10_21_18_02_35_196.jpg, C:\Users\abdelrahman\Downloads\Self-driving Car\IMG\left_2018_10_21_18_02_35_196.jpg, C:\Users\abdelrahman\Downloads\Self-driving Car\IMG\right_2018_10_21_18_02_35_196.jpg, 0, 0, 0, 15.14038
C:\Users\abdelrahman\Downloads\Self-driving Car\IMG\center_2018_10_21_18_02_35_297.jpg, C:\Users\abdelrahman\Downloads\Self-driving Car\IMG\left_2018_10_21_18_02_35_297.jpg, C:\Users\abdelrahman\Downloads\Self-driving Car\IMG\right_2018_10_21_18_02_35_297.jpg, -0.107194, 0, 0, 15.50582
C:\Users\abdelrahman\Downloads\Self-driving Car\IMG\center_2018_10_21_18_02_35_397.jpg, C:\Users\abdelrahman\Downloads\Self-driving Car\IMG\left_2018_10_21_18_02_35_397.jpg, C:\Users\abdelrahman\Downloads\Self-driving Car\IMG\right_2018_10_21_18_02_35_397.jpg, -0.1909497, 0, 0, 14.79583
C:\Users\abdelrahman\Downloads\Self-driving Car\IMG\center_2018_10_21_18_02_35_502.jpg, C:\Users\abdelrahman\Downloads\Self-driving Car\IMG\left_2018_10_21_18_02_35_502.jpg, C:\Users\abdelrahman\Downloads\Self-driving Car\IMG\right_2018_10_21_18_02_35_502.jpg, 0, 0, 0, 14.61023
C:\Users\abdelrahman\Downloads\Self-driving Car\IMG\center_2018_10_21_18_02_36_143.jpg, C:\Users\abdelrahman\Downloads\Self-driving Car\IMG\left_2018_10_21_18_02_36_143.jpg, C:\Users\abdelrahman\Downloads\Self-driving Car\IMG\right_2018_10_21_18_02_36_143.jpg, -1, 0, 0, 13.17951
C:\Users\abdelrahman\Downloads\Self-driving Car\IMG\center_2018_10_21_18_02_36_239.jpg, C:\Users\abdelrahman\Downloads\Self-driving Car\IMG\left_2018_10_21_18_02_36_239.jpg, C:\Users\abdelrahman\Downloads\Self-driving Car\IMG\right_2018_10_21_18_02_36_239.jpg, -0.6643181, 0, 0, 13.12435
C:\Users\abdelrahman\Downloads\Self-driving Car\IMG\center_2018_10_21_18_02_36_347.jpg, C:\Users\abdelrahman\Downloads\Self-driving Car\IMG\left_2018_10_21_18_02_36_347.jpg, C:\Users\abdelrahman\Downloads\Self-driving Car\IMG\right_2018_10_21_18_02_36_347.jpg, -0.3414043, 0, 0, 13.28388
C:\Users\abdelrahman\Downloads\Self-driving Car\IMG\center_2018_10_21_18_02_36_462.jpg, C:\Users\abdelrahman\Downloads\Self-driving Car\IMG\left_2018_10_21_18_02_36_462.jpg, C:\Users\abdelrahman\Downloads\Self-driving Car\IMG\right_2018_10_21_18_02_36_462.jpg, 0, 0, 0, 13.16165
C:\Users\abdelrahman\Downloads\Self-driving Car\IMG\center_2018_10_21_18_02_36_622.jpg, C:\Users\abdelrahman\Downloads\Self-driving Car\IMG\left_2018_10_21_18_02_36_622.jpg, C:\Users\abdelrahman\Downloads\Self-driving Car\IMG\right_2018_10_21_18_02_36_622.jpg, 0, 0, 0, 12.84516
C:\Users\abdelrahman\Downloads\Self-driving Car\IMG\center_2018_10_21_18_02_36_735.jpg, C:\Users\abdelrahman\Downloads\Self-driving Car\IMG\left_2018_10_21_18_02_36_735.jpg, C:\Users\abdelrahman\Downloads\Self-driving Car\IMG\right_2018_10_21_18_02_36_735.jpg, 0, 0, 0, 12.45047
C:\Users\abdelrahman\Downloads\Self-driving Car\IMG\center_2018_10_21_18_02_36_855.jpg, C:\Users\abdelrahman\Downloads\Self-driving Car\IMG\left_2018_10_21_18_02_36_855.jpg, C:\Users\abdelrahman\Downloads\Self-driving Car\IMG\right_2018_10_21_18_02_36_855.jpg, 0, 0, 0, 12.51608
C:\Users\abdelrahman\Downloads\Self-driving Car\IMG\center_2018_10_21_18_02_37_496.jpg, C:\Users\abdelrahman\Downloads\Self-driving Car\IMG\left_2018_10_21_18_02_37_496.jpg, C:\Users\abdelrahman\Downloads\Self-driving Car\IMG\right_2018_10_21_18_02_37_496.jpg, 0, 0, 0, 12.11307
C:\Users\abdelrahman\Downloads\Self-driving Car\IMG\center_2018_10_21_18_02_38_214.jpg, C:\Users\abdelrahman\Downloads\Self-driving Car\IMG\left_2018_10_21_18_02_38_214.jpg, C:\Users\abdelrahman\Downloads\Self-driving Car\IMG\right_2018_10_21_18_02_38_214.jpg, 0, 0, 0, 11.46436
C:\Users\abdelrahman\Downloads\Self-driving Car\IMG\center_2018_10_21_18_02_38_373.jpg, C:\Users\abdelrahman\Downloads\Self-driving Car\IMG\left_2018_10_21_18_02_38_373.jpg, C:\Users\abdelrahman\Downloads\Self-driving Car\IMG\right_2018_10_21_18_02_38_373.jpg, 0, 1, 0, 15.18307
C:\Users\abdelrahman\Downloads\Self-driving Car\IMG\center_2018_10_21_18_02_38_483.jpg, C:\Users\abdelrahman\Downloads\Self-driving Car\IMG\left_2018_10_21_18_02_38_483.jpg, C:\Users\abdelrahman\Downloads\Self-driving Car\IMG\right_2018_10_21_18_02_38_483.jpg, 0, 1, 0, 16.4204
C:\Users\abdelrahman\Downloads\Self-driving Car\IMG\center_2018_10_21_18_02_38_610.jpg, C:\Users\abdelrahman\Downloads\Self-driving Car\IMG\left_2018_10_21_18_02_38_610.jpg, C:\Users\abdelrahman\Downloads\Self-driving Car\IMG\right_2018_10_21_18_02_38_610.jpg, 0, 1, 0, 17.66406
C:\Users\abdelrahman\Downloads\Self-driving Car\IMG\center_2018_10_21_18_02_38_734.jpg, C:\Users\abdelrahman\Downloads\Self-driving Car\IMG\left_2018_10_21_18_02_38_734.jpg, C:\Users\abdelrahman\Downloads\Self-driving Car\IMG\right_2018_10_21_18_02_38_734.jpg, 0, 0.6309252, 0, 18.34117
C:\Users\abdelrahman\Downloads\Self-driving Car\IMG\center_2018_10_21_18_02_38_867.jpg, C:\Users\abdelrahman\Downloads\Self-driving Car\IMG\left_2018_10_21_18_02_38_867.jpg, C:\Users\abdelrahman\Downloads\Self-driving Car\IMG\right_2018_10_21_18_02_38_867.jpg, 0, 0.2253873, 0, 18.97128
C:\Users\abdelrahman\Downloads\Self-driving Car\IMG\center_2018_10_21_18_02_39_019.jpg, C:\Users\abdelrahman\Downloads\Self-driving Car\IMG\left_2018_10_21_18_02_39_019.jpg, C:\Users\abdelrahman\Downloads\Self-driving Car\IMG\right_2018_10_21_18_02_39_019.jpg, -0.4469955, 0, 0, 18.14037
C:\Users\abdelrahman\Downloads\Self-driving Car\IMG\center_2018_10_21_18_02_39_195.jpg, C:\Users\abdelrahman\Downloads\Self-driving Car\IMG\left_2018_10_21_18_02_39_195.jpg, C:\Users\abdelrahman\Downloads\Self-driving Car\IMG\right_2018_10_21_18_02_39_195.jpg, 0, 0, 0, 18.21997
C:\Users\abdelrahman\Downloads\Self-driving Car\IMG\center_2018_10_21_18_02_39_341.jpg, C:\Users\abdelrahman\Downloads\Self-driving Car\IMG\left_2018_10_21_18_02_39_341.jpg, C:\Users\abdelrahman\Downloads\Self-driving Car\IMG\right_2018_10_21_18_02_39_341.jpg, 0, 0, 0, 17.44764
C:\Users\abdelrahman\Downloads\Self-driving Car\IMG\center_2018_10_21_18_02_39_481.jpg, C:\Users\abdelrahman\Downloads\Self-driving Car\IMG\left_2018_10_21_18_02_39_481.jpg, C:\Users\abdelrahman\Downloads\Self-driving Car\IMG\right_2018_10_21_18_02_39_481.jpg, 0, 0, 0, 17.15741
C:\Users\abdelrahman\Downloads\Self-driving Car\IMG\center_2018_10_21_18_02_39_589.jpg, C:\Users\abdelrahman\Downloads\Self-driving Car\IMG\left_2018_10_21_18_02_39_589.jpg, C:\Users\abdelrahman\Downloads\Self-driving Car\IMG\right_2018_10_21_18_02_39_589.jpg, 0, 0, 0, 17.51158
C:\Users\abdelrahman\Downloads\Self-driving Car\IMG\center_2018_10_21_18_02_39_742.jpg, C:\Users\abdelrahman\Downloads\Self-driving Car\IMG\left_2018_10_21_18_02_39_742.jpg, C:\Users\abdelrahman\Downloads\Self-driving Car\IMG\right_2018_10_21_18_02_39_742.jpg, 0, 0.4519952, 0, 17.97477
C:\Users\abdelrahman\Downloads\Self-driving Car\IMG\center_2018_10_21_18_02_39_855.jpg, C:\Users\abdelrahman\Downloads\Self-driving Car\IMG\left_2018_10_21_18_02_39_855.jpg, C:\Users\abdelrahman\Downloads\Self-driving Car\IMG\right_2018_10_21_18_02_39_855.jpg, 0, 0.7998947, 0, 18.28788
C:\Users\abdelrahman\Downloads\Self-driving Car\IMG\center_2018_10_21_18_02_39_994.jpg, C:\Users\abdelrahman\Downloads\Self-driving Car\IMG\left_2018_10_21_18_02_39_994.jpg, C:\Users\abdelrahman\Downloads\Self-driving Car\IMG\right_2018_10_21_18_02_39_994.jpg, 0, 1, 0, 19.9193
C:\Users\abdelrahman\Downloads\Self-driving Car\IMG\center_2018_10_21_18_02_40_092.jpg, C:\Users\abdelrahman\Downloads\Self-driving Car\IMG\left_2018_10_21_18_02_40_092.jpg, C:\Users\abdelrahman\Downloads\Self-driving Car\IMG\right_2018_10_21_18_02_40_092.jpg, 0, 1, 0, 20.83685
C:\Users\abdelrahman\Downloads\Self-driving Car\IMG\center_2018_10_21_18_02_40_252.jpg, C:\Users\abdelrahman\Downloads\Self-driving Car\IMG\left_2018_10_21_18_02_40_252.jpg, C:\Users\abdelrahman\Downloads\Self-driving Car\IMG\right_2018_10_21_18_02_40_252.jpg, -0.4662425, 0.5337575, 0, 21.29841
C:\Users\abdelrahman\Downloads\Self-driving Car\IMG\center_2018_10_21_18_02_40_353.jpg, C:\Users\abdelrahman\Downloads\Self-driving Car\IMG\left_2018_10_21_18_02_40_353.jpg, C:\Users\abdelrahman\Downloads\Self-driving Car\IMG\right_2018_10_21_18_02_40_353.jpg, -0.6014295, 0.2547659, 0, 21.50193
C:\Users\abdelrahman\Downloads\Self-driving Car\IMG\center_2018_10_21_18_02_40_517.jpg, C:\Users\abdelrahman\Downloads\Self-driving Car\IMG\left_2018_10_21_18_02_40_517.jpg, C:\Users\abdelrahman\Downloads\Self-driving Car\IMG\right_2018_10_21_18_02_40_517.jpg, -0.08081385, 0, 0, 21.17002
C:\Users\abdelrahman\Downloads\Self-driving Car\IMG\center_2018_10_21_18_02_40_710.jpg, C:\Users\abdelrahman\Downloads\Self-driving Car\IMG\left_2018_10_21_18_02_40_710.jpg, C:\Users\abdelrahman\Downloads\Self-driving Car\IMG\right_2018_10_21_18_02_40_710.jpg, 0, 0, 0, 20.76665
C:\Users\abdelrahman\Downloads\Self-driving Car\IMG\center_2018_10_21_18_02_40_809.jpg, C:\Users\abdelrahman\Downloads\Self-driving Car\IMG\left_2018_10_21_18_02_40_809.jpg, C:\Users\abdelrahman\Downloads\Self-driving Car\IMG\right_2018_10_21_18_02_40_809.jpg, 0, 0, 0, 20.23606
C:\Users\abdelrahman\Downloads\Self-driving Car\IMG\center_2018_10_21_18_02_40_912.jpg, C:\Users\abdelrahman\Downloads\Self-driving Car\IMG\left_2018_10_21_18_02_40_912.jpg, C:\Users\abdelrahman\Downloads\Self-driving Car\IMG\right_2018_10_21_18_02_40_912.jpg, 0, 0, 0, 20.3548
C:\Users\abdelrahman\Downloads\Self-driving Car\IMG\center_2018_10_21_18_02_41_021.jpg, C:\Users\abdelrahman\Downloads\Self-driving Car\IMG\left_2018_10_21_18_02_41_021.jpg, C:\Users\abdelrahman\Downloads\Self-driving Car\IMG\right_2018_10_21_18_02_41_021.jpg, 0, 0, 0, 20.11527
C:\Users\abdelrahman\Downloads\Self-driving Car\IMG\center_2018_10_21_18_02_41_125.jpg, C:\Users\abdelrahman\Downloads\Self-driving Car\IMG\left_2018_10_21_18_02_41_125.jpg, C:\Users\abdelrahman\Downloads\Self-driving Car\IMG\right_2018_10_21_18_02_41_125.jpg, 0, 0, 0, 19.56361
C:\Users\abdelrahman\Downloads\Self-driving Car\IMG\center_2018_10_21_18_02_41_230.jpg, C:\Users\abdelrahman\Downloads\Self-driving Car\IMG\left_2018_10_21_18_02_41_230.jpg, C:\Users\abdelrahman\Downloads\Self-driving Car\IMG\right_2018_10_21_18_02_41_230.jpg, 0.09740633, 0, 0, 19.72566
C:\Users\abdelrahman\Downloads\Self-driving Car\IMG\center_2018_10_21_18_02_41_339.jpg, C:\Users\abdelrahman\Downloads\Self-driving Car\IMG\left_2018_10_21_18_02_41_339.jpg, C:\Users\abdelrahman\Downloads\Self-driving Car\IMG\right_2018_10_21_18_02_41_339.jpg, 0.3315431, 0, 0, 19.41835
C:\Users\abdelrahman\Downloads\Self-driving Car\IMG\center_2018_10_21_18_02_41_440.jpg, C:\Users\abdelrahman\Downloads\Self-driving Car\IMG\left_2018_10_21_18_02_41_440.jpg, C:\Users\abdelrahman\Downloads\Self-driving Car\IMG\right_2018_10_21_18_02_41_440.jpg, 0.02908988, 0, 0, 18.80897
C:\Users\abdelrahman\Downloads\Self-driving Car\IMG\center_2018_10_21_18_02_41_547.jpg, C:\Users\abdelrahman\Downloads\Self-driving Car\IMG\left_2018_10_21_18_02_41_547.jpg, C:\Users\abdelrahman\Downloads\Self-driving Car\IMG\right_2018_10_21_18_02_41_547.jpg, 0, 0, 0, 19.04725
C:\Users\abdelrahman\Downloads\Self-driving Car\IMG\center_2018_10_21_18_02_41_648.jpg, C:\Users\abdelrahman\Downloads\Self-driving Car\IMG\left_2018_10_21_18_02_41_648.jpg, C:\Users\abdelrahman\Downloads\Self-driving Car\IMG\right_2018_10_21_18_02_41_648.jpg, 0, 0, 0, 18.38217
C:\Users\abdelrahman\Downloads\Self-driving Car\IMG\center_2018_10_21_18_02_41_751.jpg, C:\Users\abdelrahman\Downloads\Self-driving Car\IMG\left_2018_10_21_18_02_41_751.jpg, C:\Users\abdelrahman\Downloads\Self-driving Car\IMG\right_2018_10_21_18_02_41_751.jpg, 0, 0, 0, 18.68634
C:\Users\abdelrahman\Downloads\Self-driving Car\IMG\center_2018_10_21_18_02_41_860.jpg, C:\Users\abdelrahman\Downloads\Self-driving Car\IMG\left_2018_10_21_18_02_41_860.jpg, C:\Users\abdelrahman\Downloads\Self-driving Car\IMG\right_2018_10_21_18_02_41_860.jpg, 0, 0, 0, 18.47031
C:\Users\abdelrahman\Downloads\Self-driving Car\IMG\center_2018_10_21_18_02_41_962.jpg, C:\Users\abdelrahman\Downloads\Self-driving Car\IMG\left_2018_10_21_18_02_41_962.jpg, C:\Users\abdelrahman\Downloads\Self-driving Car\IMG\right_2018_10_21_18_02_41_962.jpg, 0, 0, 0, 17.77968
C:\Users\abdelrahman\Downloads\Self-driving Car\IMG\center_2018_10_21_18_02_42_068.jpg, C:\Users\abdelrahman\Downloads\Self-driving Car\IMG\left_2018_10_21_18_02_42_068.jpg, C:\Users\abdelrahman\Downloads\Self-driving Car\IMG\right_2018_10_21_18_02_42_068.jpg, 0, 0, 0, 18.11159
C:\Users\abdelrahman\Downloads\Self-driving Car\IMG\center_2018_10_21_18_02_42_172.jpg, C:\Users\abdelrahman\Downloads\Self-driving Car\IMG\left_2018_10_21_18_02_42_172.jpg, C:\Users\abdelrahman\Downloads\Self-driving Car\IMG\right_2018_10_21_18_02_42_172.jpg, 0, 0, 0, 17.41411
C:\Users\abdelrahman\Downloads\Self-driving Car\IMG\center_2018_10_21_18_02_42_275.jpg, C:\Users\abdelrahman\Downloads\Self-driving Car\IMG\left_2018_10_21_18_02_42_275.jpg, C:\Users\abdelrahman\Downloads\Self-driving Car\IMG\right_2018_10_21_18_02_42_275.jpg, 0, 0, 0, 17.76094
C:\Users\abdelrahman\Downloads\Self-driving Car\IMG\center_2018_10_21_18_02_42_382.jpg, C:\Users\abdelrahman\Downloads\Self-driving Car\IMG\left_2018_10_21_18_02_42_382.jpg, C:\Users\abdelrahman\Downloads\Self-driving Car\IMG\right_2018_10_21_18_02_42_382.jpg, 0, 0, 0, 17.55359
C:\Users\abdelrahman\Downloads\Self-driving Car\IMG\center_2018_10_21_18_02_42_486.jpg, C:\Users\abdelrahman\Downloads\Self-driving Car\IMG\left_2018_10_21_18_02_42_486.jpg, C:\Users\abdelrahman\Downloads\Self-driving Car\IMG\right_2018_10_21_18_02_42_486.jpg, 0, 0, 0, 16.84985
C:\Users\abdelrahman\Downloads\Self-driving Car\IMG\center_2018_10_21_18_02_42_590.jpg, C:\Users\abdelrahman\Downloads\Self-driving Car\IMG\left_2018_10_21_18_02_42_590.jpg, C:\Users\abdelrahman\Downloads\Self-driving Car\IMG\right_2018_10_21_18_02_42_590.jpg, 0, 0, 0, 17.21493
C:\Users\abdelrahman\Downloads\Self-driving Car\IMG\center_2018_10_21_18_02_42_692.jpg, C:\Users\abdelrahman\Downloads\Self-driving Car\IMG\left_2018_10_21_18_02_42_692.jpg, C:\Users\abdelrahman\Downloads\Self-driving Car\IMG\right_2018_10_21_18_02_42_692.jpg, 0, 0, 0, 16.50693
C:\Users\abdelrahman\Downloads\Self-driving Car\IMG\center_2018_10_21_18_02_42_794.jpg, C:\Users\abdelrahman\Downloads\Self-driving Car\IMG\left_2018_10_21_18_02_42_794.jpg, C:\Users\abdelrahman\Downloads\Self-driving Car\IMG\right_2018_10_21_18_02_42_794.jpg, 0, 0, 0, 16.88515
C:\Users\abdelrahman\Downloads\Self-driving Car\IMG\center_2018_10_21_18_02_42_903.jpg, C:\Users\abdelrahman\Downloads\Self-driving Car\IMG\left_2018_10_21_18_02_42_903.jpg, C:\Users\abdelrahman\Downloads\Self-driving Car\IMG\right_2018_10_21_18_02_42_903.jpg, 0, 0, 0, 16.68987
C:\Users\abdelrahman\Downloads\Self-driving Car\IMG\center_2018_10_21_18_02_43_010.jpg, C:\Users\abdelrahman\Downloads\Self-driving Car\IMG\left_2018_10_21_18_02_43_010.jpg, C:\Users\abdelrahman\Downloads\Self-driving Car\IMG\right_2018_10_21_18_02_43_010.jpg, 0, 0, 0, 15.98244
C:\Users\abdelrahman\Downloads\Self-driving Car\IMG\center_2018_10_21_18_02_43_114.jpg, C:\Users\abdelrahman\Downloads\Self-driving Car\IMG\left_2018_10_21_18_02_43_114.jpg, C:\Users\abdelrahman\Downloads\Self-driving Car\IMG\right_2018_10_21_18_02_43_114.jpg, 0, 0, 0, 16.37231
C:\Users\abdelrahman\Downloads\Self-driving Car\IMG\center_2018_10_21_18_02_43_215.jpg, C:\Users\abdelrahman\Downloads\Self-driving Car\IMG\left_2018_10_21_18_02_43_215.jpg, C:\Users\abdelrahman\Downloads\Self-driving Car\IMG\right_2018_10_21_18_02_43_215.jpg, 0, 0, 0, 15.67357
C:\Users\abdelrahman\Downloads\Self-driving Car\IMG\center_2018_10_21_18_02_43_324.jpg, C:\Users\abdelrahman\Downloads\Self-driving Car\IMG\left_2018_10_21_18_02_43_324.jpg, C:\Users\abdelrahman\Downloads\Self-driving Car\IMG\right_2018_10_21_18_02_43_324.jpg, 0, 0, 0, 15.4942
C:\Users\abdelrahman\Downloads\Self-driving Car\IMG\center_2018_10_21_18_02_43_430.jpg, C:\Users\abdelrahman\Downloads\Self-driving Car\IMG\left_2018_10_21_18_02_43_430.jpg, C:\Users\abdelrahman\Downloads\Self-driving Car\IMG\right_2018_10_21_18_02_43_430.jpg, 0, 0, 0, 15.8762
C:\Users\abdelrahman\Downloads\Self-driving Car\IMG\center_2018_10_21_18_02_43_531.jpg, C:\Users\abdelrahman\Downloads\Self-driving Car\IMG\left_2018_10_21_18_02_43_531.jpg, C:\Users\abdelrahman\Downloads\Self-driving Car\IMG\right_2018_10_21_18_02_43_531.jpg, -0.07085542, 0, 0, 15.19668
C:\Users\abdelrahman\Downloads\Self-driving Car\IMG\center_2018_10_21_18_02_43_633.jpg, C:\Users\abdelrahman\Downloads\Self-driving Car\IMG\left_2018_10_21_18_02_43_633.jpg, C:\Users\abdelrahman\Downloads\Self-driving Car\IMG\right_2018_10_21_18_02_43_633.jpg, -0.3273786, 0, 0, 15.50354
C:\Users\abdelrahman\Downloads\Self-driving Car\IMG\center_2018_10_21_18_02_43_738.jpg, C:\Users\abdelrahman\Downloads\Self-driving Car\IMG\left_2018_10_21_18_02_43_738.jpg, C:\Users\abdelrahman\Downloads\Self-driving Car\IMG\right_2018_10_21_18_02_43_738.jpg, -0.199516, 0, 0, 15.32273
C:\Users\abdelrahman\Downloads\Self-driving Car\IMG\center_2018_10_21_18_02_43_844.jpg, C:\Users\abdelrahman\Downloads\Self-driving Car\IMG\left_2018_10_21_18_02_43_844.jpg, C:\Users\abdelrahman\Downloads\Self-driving Car\IMG\right_2018_10_21_18_02_43_844.jpg, 0, 0, 0, 14.65348
C:\Users\abdelrahman\Downloads\Self-driving Car\IMG\center_2018_10_21_18_02_43_949.jpg, C:\Users\abdelrahman\Downloads\Self-driving Car\IMG\left_2018_10_21_18_02_43_949.jpg, C:\Users\abdelrahman\Downloads\Self-driving Car\IMG\right_2018_10_21_18_02_43_949.jpg, 0, 0, 0, 15.01164
C:\Users\abdelrahman\Downloads\Self-driving Car\IMG\center_2018_10_21_18_02_44_062.jpg, C:\Users\abdelrahman\Downloads\Self-driving Car\IMG\left_2018_10_21_18_02_44_062.jpg, C:\Users\abdelrahman\Downloads\Self-driving Car\IMG\right_2018_10_21_18_02_44_062.jpg, -0.3336509, 0, 0, 14.73861
C:\Users\abdelrahman\Downloads\Self-driving Car\IMG\center_2018_10_21_18_02_44_166.jpg, C:\Users\abdelrahman\Downloads\Self-driving Car\IMG\left_2018_10_21_18_02_44_166.jpg, C:\Users\abdelrahman\Downloads\Self-driving Car\IMG\right_2018_10_21_18_02_44_166.jpg, -0.2363857, 0, 0, 14.04988
C:\Users\abdelrahman\Downloads\Self-driving Car\IMG\center_2018_10_21_18_02_44_266.jpg, C:\Users\abdelrahman\Downloads\Self-driving Car\IMG\left_2018_10_21_18_02_44_266.jpg, C:\Users\abdelrahman\Downloads\Self-driving Car\IMG\right_2018_10_21_18_02_44_266.jpg, -0.5319058, 0, 0, 14.35792
C:\Users\abdelrahman\Downloads\Self-driving Car\IMG\center_2018_10_21_18_02_44_460.jpg, C:\Users\abdelrahman\Downloads\Self-driving Car\IMG\left_2018_10_21_18_02_44_460.jpg, C:\Users\abdelrahman\Downloads\Self-driving Car\IMG\right_2018_10_21_18_02_44_460.jpg, -0.3153855, 0, 0, 13.95715
C:\Users\abdelrahman\Downloads\Self-driving Car\IMG\center_2018_10_21_18_02_44_563.jpg, C:\Users\abdelrahman\Downloads\Self-driving Car\IMG\left_2018_10_21_18_02_44_563.jpg, C:\Users\abdelrahman\Downloads\Self-driving Car\IMG\right_2018_10_21_18_02_44_563.jpg, -0.6280355, 0, 0, 13.22633
C:\Users\abdelrahman\Downloads\Self-driving Car\IMG\center_2018_10_21_18_02_44_666.jpg, C:\Users\abdelrahman\Downloads\Self-driving Car\IMG\left_2018_10_21_18_02_44_666.jpg, C:\Users\abdelrahman\Downloads\Self-driving Car\IMG\right_2018_10_21_18_02_44_666.jpg, -0.321337, 0, 0, 13.64788
C:\Users\abdelrahman\Downloads\Self-driving Car\IMG\center_2018_10_21_18_02_44_765.jpg, C:\Users\abdelrahman\Downloads\Self-driving Car\IMG\left_2018_10_21_18_02_44_765.jpg, C:\Users\abdelrahman\Downloads\Self-driving Car\IMG\right_2018_10_21_18_02_44_765.jpg, -0.03754072, 0, 0, 13.01293
C:\Users\abdelrahman\Downloads\Self-driving Car\IMG\center_2018_10_21_18_02_44_867.jpg, C:\Users\abdelrahman\Downloads\Self-driving Car\IMG\left_2018_10_21_18_02_44_867.jpg, C:\Users\abdelrahman\Downloads\Self-driving Car\IMG\right_2018_10_21_18_02_44_867.jpg, 0, 0, 0, 13.38426
C:\Users\abdelrahman\Downloads\Self-driving Car\IMG\center_2018_10_21_18_02_44_973.jpg, C:\Users\abdelrahman\Downloads\Self-driving Car\IMG\left_2018_10_21_18_02_44_973.jpg, C:\Users\abdelrahman\Downloads\Self-driving Car\IMG\right_2018_10_21_18_02_44_973.jpg, -0.020444, 0, 0, 12.70314
C:\Users\abdelrahman\Downloads\Self-driving Car\IMG\center_2018_10_21_18_02_45_081.jpg, C:\Users\abdelrahman\Downloads\Self-driving Car\IMG\left_2018_10_21_18_02_45_081.jpg, C:\Users\abdelrahman\Downloads\Self-driving Car\IMG\right_2018_10_21_18_02_45_081.jpg, -0.3796951, 0, 0, 12.43654
C:\Users\abdelrahman\Downloads\Self-driving Car\IMG\center_2018_10_21_18_02_45_186.jpg, C:\Users\abdelrahman\Downloads\Self-driving Car\IMG\left_2018_10_21_18_02_45_186.jpg, C:\Users\abdelrahman\Downloads\Self-driving Car\IMG\right_2018_10_21_18_02_45_186.jpg, -0.06239554, 0, 0, 12.86435
C:\Users\abdelrahman\Downloads\Self-driving Car\IMG\center_2018_10_21_18_02_45_287.jpg, C:\Users\abdelrahman\Downloads\Self-driving Car\IMG\left_2018_10_21_18_02_45_287.jpg, C:\Users\abdelrahman\Downloads\Self-driving Car\IMG\right_2018_10_21_18_02_45_287.jpg, 0, 0, 0, 12.25589
C:\Users\abdelrahman\Downloads\Self-driving Car\IMG\center_2018_10_21_18_02_45_392.jpg, C:\Users\abdelrahman\Downloads\Self-driving Car\IMG\left_2018_10_21_18_02_45_392.jpg, C:\Users\abdelrahman\Downloads\Self-driving Car\IMG\right_2018_10_21_18_02_45_392.jpg, -0.2721804, 0, 0, 12.58837
C:\Users\abdelrahman\Downloads\Self-driving Car\IMG\center_2018_10_21_18_02_45_500.jpg, C:\Users\abdelrahman\Downloads\Self-driving Car\IMG\left_2018_10_21_18_02_45_500.jpg, C:\Users\abdelrahman\Downloads\Self-driving Car\IMG\right_2018_10_21_18_02_45_500.jpg, -0.4788657, 0, 0, 12.26011
C:\Users\abdelrahman\Downloads\Self-driving Car\IMG\center_2018_10_21_18_02_45_608.jpg, C:\Users\abdelrahman\Downloads\Self-driving Car\IMG\left_2018_10_21_18_02_45_608.jpg, C:\Users\abdelrahman\Downloads\Self-driving Car\IMG\right_2018_10_21_18_02_45_608.jpg, -0.1801588, 0, 0, 11.88923
C:\Users\abdelrahman\Downloads\Self-driving Car\IMG\center_2018_10_21_18_02_45_711.jpg, C:\Users\abdelrahman\Downloads\Self-driving Car\IMG\left_2018_10_21_18_02_45_711.jpg, C:\Users\abdelrahman\Downloads\Self-driving Car\IMG\right_2018_10_21_18_02_45_711.jpg, 0, 0, 0, 11.91175
C:\Users\abdelrahman\Downloads\Self-driving Car\IMG\center_2018_10_21_18_02_45_821.jpg, C:\Users\abdelrahman\Downloads\Self-driving Car\IMG\left_2018_10_21_18_02_45_821.jpg, C:\Users\abdelrahman\Downloads\Self-driving Car\IMG\right_2018_10_21_18_02_45_821.jpg, 0, 0, 0, 11.77452
C:\Users\abdelrahman\Downloads\Self-driving Car\IMG\center_2018_10_21_18_02_45_921.jpg, C:\Users\abdelrahman\Downloads\Self-driving Car\IMG\left_2018_10_21_18_02_45_921.jpg, C:\Users\abdelrahman\Downloads\Self-driving Car\IMG\right_2018_10_21_18_02_45_921.jpg, 0, 0, 0, 11.41402
C:\Users\abdelrahman\Downloads\Self-driving Car\IMG\center_2018_10_21_18_02_46_027.jpg, C:\Users\abdelrahman\Downloads\Self-driving Car\IMG\left_2018_10_21_18_02_46_027.jpg, C:\Users\abdelrahman\Downloads\Self-driving Car\IMG\right_2018_10_21_18_02_46_027.jpg, 0, 0, 0, 11.53931
C:\Users\abdelrahman\Downloads\Self-driving Car\IMG\center_2018_10_21_18_02_46_132.jpg, C:\Users\abdelrahman\Downloads\Self-driving Car\IMG\left_2018_10_21_18_02_46_132.jpg, C:\Users\abdelrahman\Downloads\Self-driving Car\IMG\right_2018_10_21_18_02_46_132.jpg, 0, 0, 0, 11.20426
C:\Users\abdelrahman\Downloads\Self-driving Car\IMG\center_2018_10_21_18_02_46_236.jpg, C:\Users\abdelrahman\Downloads\Self-driving Car\IMG\left_2018_10_21_18_02_46_236.jpg, C:\Users\abdelrahman\Downloads\Self-driving Car\IMG\right_2018_10_21_18_02_46_236.jpg, 0, 0, 0, 11.18665
C:\Users\abdelrahman\Downloads\Self-driving Car\IMG\center_2018_10_21_18_02_46_340.jpg, C:\Users\abdelrahman\Downloads\Self-driving Car\IMG\left_2018_10_21_18_02_46_340.jpg, C:\Users\abdelrahman\Downloads\Self-driving Car\IMG\right_2018_10_21_18_02_46_340.jpg, 0, 0, 0, 11.13108
C:\Users\abdelrahman\Downloads\Self-driving Car\IMG\center_2018_10_21_18_02_46_445.jpg, C:\Users\abdelrahman\Downloads\Self-driving Car\IMG\left_2018_10_21_18_02_46_445.jpg, C:\Users\abdelrahman\Downloads\Self-driving Car\IMG\right_2018_10_21_18_02_46_445.jpg, 0, 0, 0, 11.01933
C:\Users\abdelrahman\Downloads\Self-driving Car\IMG\center_2018_10_21_18_02_46_553.jpg, C:\Users\abdelrahman\Downloads\Self-driving Car\IMG\left_2018_10_21_18_02_46_553.jpg, C:\Users\abdelrahman\Downloads\Self-driving Car\IMG\right_2018_10_21_18_02_46_553.jpg, 0, 0, 0, 10.90874
C:\Users\abdelrahman\Downloads\Self-driving Car\IMG\center_2018_10_21_18_02_46_660.jpg, C:\Users\abdelrahman\Downloads\Self-driving Car\IMG\left_2018_10_21_18_02_46_660.jpg, C:\Users\abdelrahman\Downloads\Self-driving Car\IMG\right_2018_10_21_18_02_46_660.jpg, 0, 0, 0, 10.77734
C:\Users\abdelrahman\Downloads\Self-driving Car\IMG\center_2018_10_21_18_02_46_766.jpg, C:\Users\abdelrahman\Downloads\Self-driving Car\IMG\left_2018_10_21_18_02_46_766.jpg, C:\Users\abdelrahman\Downloads\Self-driving Car\IMG\right_2018_10_21_18_02_46_766.jpg, 0, 0, 0, 10.66917
C:\Users\abdelrahman\Downloads\Self-driving Car\IMG\center_2018_10_21_18_02_46_870.jpg, C:\Users\abdelrahman\Downloads\Self-driving Car\IMG\left_2018_10_21_18_02_46_870.jpg, C:\Users\abdelrahman\Downloads\Self-driving Car\IMG\right_2018_10_21_18_02_46_870.jpg, 0, 0, 0, 10.56208
C:\Users\abdelrahman\Downloads\Self-driving Car\IMG\center_2018_10_21_18_02_46_982.jpg, C:\Users\abdelrahman\Downloads\Self-driving Car\IMG\left_2018_10_21_18_02_46_982.jpg, C:\Users\abdelrahman\Downloads\Self-driving Car\IMG\right_2018_10_21_18_02_46_982.jpg, 0, 0, 0, 10.43499
C:\Users\abdelrahman\Downloads\Self-driving Car\IMG\center_2018_10_21_18_02_47_085.jpg, C:\Users\abdelrahman\Downloads\Self-driving Car\IMG\left_2018_10_21_18_02_47_085.jpg, C:\Users\abdelrahman\Downloads\Self-driving Car\IMG\right_2018_10_21_18_02_47_085.jpg, 0, 0, 0, 10.33025
C:\Users\abdelrahman\Downloads\Self-driving Car\IMG\center_2018_10_21_18_02_47_184.jpg, C:\Users\abdelrahman\Downloads\Self-driving Car\IMG\left_2018_10_21_18_02_47_184.jpg, C:\Users\abdelrahman\Downloads\Self-driving Car\IMG\right_2018_10_21_18_02_47_184.jpg, 0, 0, 0, 10.22656
C:\Users\abdelrahman\Downloads\Self-driving Car\IMG\center_2018_10_21_18_02_47_289.jpg, C:\Users\abdelrahman\Downloads\Self-driving Car\IMG\left_2018_10_21_18_02_47_289.jpg, C:\Users\abdelrahman\Downloads\Self-driving Car\IMG\right_2018_10_21_18_02_47_289.jpg, 0, 0, 0, 10.12382
C:\Users\abdelrahman\Downloads\Self-driving Car\IMG\center_2018_10_21_18_02_47_396.jpg, C:\Users\abdelrahman\Downloads\Self-driving Car\IMG\left_2018_10_21_18_02_47_396.jpg, C:\Users\abdelrahman\Downloads\Self-driving Car\IMG\right_2018_10_21_18_02_47_396.jpg, 0, 0, 0, 10.02221
C:\Users\abdelrahman\Downloads\Self-driving Car\IMG\center_2018_10_21_18_02_47_503.jpg, C:\Users\abdelrahman\Downloads\Self-driving Car\IMG\left_2018_10_21_18_02_47_503.jpg, C:\Users\abdelrahman\Downloads\Self-driving Car\IMG\right_2018_10_21_18_02_47_503.jpg, 0, 0, 0, 9.901618
C:\Users\abdelrahman\Downloads\Self-driving Car\IMG\center_2018_10_21_18_02_47_608.jpg, C:\Users\abdelrahman\Downloads\Self-driving Car\IMG\left_2018_10_21_18_02_47_608.jpg, C:\Users\abdelrahman\Downloads\Self-driving Car\IMG\right_2018_10_21_18_02_47_608.jpg, 0, 0, 0, 9.802235
C:\Users\abdelrahman\Downloads\Self-driving Car\IMG\center_2018_10_21_18_02_47_717.jpg, C:\Users\abdelrahman\Downloads\Self-driving Car\IMG\left_2018_10_21_18_02_47_717.jpg, C:\Users\abdelrahman\Downloads\Self-driving Car\IMG\right_2018_10_21_18_02_47_717.jpg, 0, 0, 0, 9.684292
C:\Users\abdelrahman\Downloads\Self-driving Car\IMG\center_2018_10_21_18_02_47_818.jpg, C:\Users\abdelrahman\Downloads\Self-driving Car\IMG\left_2018_10_21_18_02_47_818.jpg, C:\Users\abdelrahman\Downloads\Self-driving Car\IMG\right_2018_10_21_18_02_47_818.jpg, 0, 0, 0, 9.58709
C:\Users\abdelrahman\Downloads\Self-driving Car\IMG\center_2018_10_21_18_02_47_920.jpg, C:\Users\abdelrahman\Downloads\Self-driving Car\IMG\left_2018_10_21_18_02_47_920.jpg, C:\Users\abdelrahman\Downloads\Self-driving Car\IMG\right_2018_10_21_18_02_47_920.jpg, 0, 0, 0, 9.490868
C:\Users\abdelrahman\Downloads\Self-driving Car\IMG\center_2018_10_21_18_02_48_028.jpg, C:\Users\abdelrahman\Downloads\Self-driving Car\IMG\left_2018_10_21_18_02_48_028.jpg, C:\Users\abdelrahman\Downloads\Self-driving Car\IMG\right_2018_10_21_18_02_48_028.jpg, 0, 0, 0, 9.39561
C:\Users\abdelrahman\Downloads\Self-driving Car\IMG\center_2018_10_21_18_02_48_131.jpg, C:\Users\abdelrahman\Downloads\Self-driving Car\IMG\left_2018_10_21_18_02_48_131.jpg, C:\Users\abdelrahman\Downloads\Self-driving Car\IMG\right_2018_10_21_18_02_48_131.jpg, 0, 0, 0, 9.301309
C:\Users\abdelrahman\Downloads\Self-driving Car\IMG\center_2018_10_21_18_02_48_234.jpg, C:\Users\abdelrahman\Downloads\Self-driving Car\IMG\left_2018_10_21_18_02_48_234.jpg, C:\Users\abdelrahman\Downloads\Self-driving Car\IMG\right_2018_10_21_18_02_48_234.jpg, 0, 0, 0, 9.207952
C:\Users\abdelrahman\Downloads\Self-driving Car\IMG\center_2018_10_21_18_02_48_335.jpg, C:\Users\abdelrahman\Downloads\Self-driving Car\IMG\left_2018_10_21_18_02_48_335.jpg, C:\Users\abdelrahman\Downloads\Self-driving Car\IMG\right_2018_10_21_18_02_48_335.jpg, 0, 0, 0, 9.115535
C:\Users\abdelrahman\Downloads\Self-driving Car\IMG\center_2018_10_21_18_02_48_441.jpg, C:\Users\abdelrahman\Downloads\Self-driving Car\IMG\left_2018_10_21_18_02_48_441.jpg, C:\Users\abdelrahman\Downloads\Self-driving Car\IMG\right_2018_10_21_18_02_48_441.jpg, 0, 0, 0, 9.005856
C:\Users\abdelrahman\Downloads\Self-driving Car\IMG\center_2018_10_21_18_02_48_554.jpg, C:\Users\abdelrahman\Downloads\Self-driving Car\IMG\left_2018_10_21_18_02_48_554.jpg, C:\Users\abdelrahman\Downloads\Self-driving Car\IMG\right_2018_10_21_18_02_48_554.jpg, 0, 0, 0, 8.915466
C:\Users\abdelrahman\Downloads\Self-driving Car\IMG\center_2018_10_21_18_02_48_674.jpg, C:\Users\abdelrahman\Downloads\Self-driving Car\IMG\left_2018_10_21_18_02_48_674.jpg, C:\Users\abdelrahman\Downloads\Self-driving Car\IMG\right_2018_10_21_18_02_48_674.jpg, 0, 0, 0, 8.808199
C:\Users\abdelrahman\Downloads\Self-driving Car\IMG\center_2018_10_21_18_02_48_850.jpg, C:\Users\abdelrahman\Downloads\Self-driving Car\IMG\left_2018_10_21_18_02_48_850.jpg, C:\Users\abdelrahman\Downloads\Self-driving Car\IMG\right_2018_10_21_18_02_48_850.jpg, 0, 0, 0, 8.649715
C:\Users\abdelrahman\Downloads\Self-driving Car\IMG\center_2018_10_21_18_02_48_948.jpg, C:\Users\abdelrahman\Downloads\Self-driving Car\IMG\left_2018_10_21_18_02_48_948.jpg, C:\Users\abdelrahman\Downloads\Self-driving Car\IMG\right_2018_10_21_18_02_48_948.jpg, 0, 0, 0, 8.562905
C:\Users\abdelrahman\Downloads\Self-driving Car\IMG\center_2018_10_21_18_02_49_128.jpg, C:\Users\abdelrahman\Downloads\Self-driving Car\IMG\left_2018_10_21_18_02_49_128.jpg, C:\Users\abdelrahman\Downloads\Self-driving Car\IMG\right_2018_10_21_18_02_49_128.jpg, -0.5274795, 0, 0, 8.239949
C:\Users\abdelrahman\Downloads\Self-driving Car\IMG\center_2018_10_21_18_02_49_230.jpg, C:\Users\abdelrahman\Downloads\Self-driving Car\IMG\left_2018_10_21_18_02_49_230.jpg, C:\Users\abdelrahman\Downloads\Self-driving Car\IMG\right_2018_10_21_18_02_49_230.jpg, -0.7515309, 0, 0, 8.077509
C:\Users\abdelrahman\Downloads\Self-driving Car\IMG\center_2018_10_21_18_02_49_363.jpg, C:\Users\abdelrahman\Downloads\Self-driving Car\IMG\left_2018_10_21_18_02_49_363.jpg, C:\Users\abdelrahman\Downloads\Self-driving Car\IMG\right_2018_10_21_18_02_49_363.jpg, -0.3599812, 0, 0, 7.980794
C:\Users\abdelrahman\Downloads\Self-driving Car\IMG\center_2018_10_21_18_02_49_462.jpg, C:\Users\abdelrahman\Downloads\Self-driving Car\IMG\left_2018_10_21_18_02_49_462.jpg, C:\Users\abdelrahman\Downloads\Self-driving Car\IMG\right_2018_10_21_18_02_49_462.jpg, -0.05333787, 0, 0, 7.892641
C:\Users\abdelrahman\Downloads\Self-driving Car\IMG\center_2018_10_21_18_02_49_565.jpg, C:\Users\abdelrahman\Downloads\Self-driving Car\IMG\left_2018_10_21_18_02_49_565.jpg, C:\Users\abdelrahman\Downloads\Self-driving Car\IMG\right_2018_10_21_18_02_49_565.jpg, 0, 0, 0, 7.809315
C:\Users\abdelrahman\Downloads\Self-driving Car\IMG\center_2018_10_21_18_02_49_666.jpg, C:\Users\abdelrahman\Downloads\Self-driving Car\IMG\left_2018_10_21_18_02_49_666.jpg, C:\Users\abdelrahman\Downloads\Self-driving Car\IMG\right_2018_10_21_18_02_49_666.jpg, 0, 0, 0, 7.73077
C:\Users\abdelrahman\Downloads\Self-driving Car\IMG\center_2018_10_21_18_02_49_913.jpg, C:\Users\abdelrahman\Downloads\Self-driving Car\IMG\left_2018_10_21_18_02_49_913.jpg, C:\Users\abdelrahman\Downloads\Self-driving Car\IMG\right_2018_10_21_18_02_49_913.jpg, 0, 0, 0, 7.545863
C:\Users\abdelrahman\Downloads\Self-driving Car\IMG\center_2018_10_21_18_02_50_071.jpg, C:\Users\abdelrahman\Downloads\Self-driving Car\IMG\left_2018_10_21_18_02_50_071.jpg, C:\Users\abdelrahman\Downloads\Self-driving Car\IMG\right_2018_10_21_18_02_50_071.jpg, 0, 0, 0, 7.424934
C:\Users\abdelrahman\Downloads\Self-driving Car\IMG\center_2018_10_21_18_02_50_176.jpg, C:\Users\abdelrahman\Downloads\Self-driving Car\IMG\left_2018_10_21_18_02_50_176.jpg, C:\Users\abdelrahman\Downloads\Self-driving Car\IMG\right_2018_10_21_18_02_50_176.jpg, 0, 0, 0, 7.350421
C:\Users\abdelrahman\Downloads\Self-driving Car\IMG\center_2018_10_21_18_02_50_280.jpg, C:\Users\abdelrahman\Downloads\Self-driving Car\IMG\left_2018_10_21_18_02_50_280.jpg, C:\Users\abdelrahman\Downloads\Self-driving Car\IMG\right_2018_10_21_18_02_50_280.jpg, 0, 0, 0, 7.261989
C:\Users\abdelrahman\Downloads\Self-driving Car\IMG\center_2018_10_21_18_02_50_405.jpg, C:\Users\abdelrahman\Downloads\Self-driving Car\IMG\left_2018_10_21_18_02_50_405.jpg, C:\Users\abdelrahman\Downloads\Self-driving Car\IMG\right_2018_10_21_18_02_50_405.jpg, 0, 0, 0, 7.174621
C:\Users\abdelrahman\Downloads\Self-driving Car\IMG\center_2018_10_21_18_02_50_508.jpg, C:\Users\abdelrahman\Downloads\Self-driving Car\IMG\left_2018_10_21_18_02_50_508.jpg, C:\Users\abdelrahman\Downloads\Self-driving Car\IMG\right_2018_10_21_18_02_50_508.jpg, 0, 0, 0, 7.102619
C:\Users\abdelrahman\Downloads\Self-driving Car\IMG\center_2018_10_21_18_02_50_621.jpg, C:\Users\abdelrahman\Downloads\Self-driving Car\IMG\left_2018_10_21_18_02_50_621.jpg, C:\Users\abdelrahman\Downloads\Self-driving Car\IMG\right_2018_10_21_18_02_50_621.jpg, 0, 0, 0, 7.017167
C:\Users\abdelrahman\Downloads\Self-driving Car\IMG\center_2018_10_21_18_02_50_731.jpg, C:\Users\abdelrahman\Downloads\Self-driving Car\IMG\left_2018_10_21_18_02_50_731.jpg, C:\Users\abdelrahman\Downloads\Self-driving Car\IMG\right_2018_10_21_18_02_50_731.jpg, 0, 0, 0, 6.946742
C:\Users\abdelrahman\Downloads\Self-driving Car\IMG\center_2018_10_21_18_02_50_838.jpg, C:\Users\abdelrahman\Downloads\Self-driving Car\IMG\left_2018_10_21_18_02_50_838.jpg, C:\Users\abdelrahman\Downloads\Self-driving Car\IMG\right_2018_10_21_18_02_50_838.jpg, 0, 0, 0, 6.876919
C:\Users\abdelrahman\Downloads\Self-driving Car\IMG\center_2018_10_21_18_02_50_938.jpg, C:\Users\abdelrahman\Downloads\Self-driving Car\IMG\left_2018_10_21_18_02_50_938.jpg, C:\Users\abdelrahman\Downloads\Self-driving Car\IMG\right_2018_10_21_18_02_50_938.jpg, 0, 0, 0, 6.807854
C:\Users\abdelrahman\Downloads\Self-driving Car\IMG\center_2018_10_21_18_02_51_530.jpg, C:\Users\abdelrahman\Downloads\Self-driving Car\IMG\left_2018_10_21_18_02_51_530.jpg, C:\Users\abdelrahman\Downloads\Self-driving Car\IMG\right_2018_10_21_18_02_51_530.jpg, 0, 0, 0, 6.578345
C:\Users\abdelrahman\Downloads\Self-driving Car\IMG\center_2018_10_21_18_02_51_627.jpg, C:\Users\abdelrahman\Downloads\Self-driving Car\IMG\left_2018_10_21_18_02_51_627.jpg, C:\Users\abdelrahman\Downloads\Self-driving Car\IMG\right_2018_10_21_18_02_51_627.jpg, 0, 0, 0, 6.512327
C:\Users\abdelrahman\Downloads\Self-driving Car\IMG\center_2018_10_21_18_02_51_745.jpg, C:\Users\abdelrahman\Downloads\Self-driving Car\IMG\left_2018_10_21_18_02_51_745.jpg, C:\Users\abdelrahman\Downloads\Self-driving Car\IMG\right_2018_10_21_18_02_51_745.jpg, 0, 0, 0, 6.433979
C:\Users\abdelrahman\Downloads\Self-driving Car\IMG\center_2018_10_21_18_02_51_851.jpg, C:\Users\abdelrahman\Downloads\Self-driving Car\IMG\left_2018_10_21_18_02_51_851.jpg, C:\Users\abdelrahman\Downloads\Self-driving Car\IMG\right_2018_10_21_18_02_51_851.jpg, 0, 0, 0, 6.36941
C:\Users\abdelrahman\Downloads\Self-driving Car\IMG\center_2018_10_21_18_02_52_167.jpg, C:\Users\abdelrahman\Downloads\Self-driving Car\IMG\left_2018_10_21_18_02_52_167.jpg, C:\Users\abdelrahman\Downloads\Self-driving Car\IMG\right_2018_10_21_18_02_52_167.jpg, 0, 0.9317691, 0, 9.677706
C:\Users\abdelrahman\Downloads\Self-driving Car\IMG\center_2018_10_21_18_02_52_269.jpg, C:\Users\abdelrahman\Downloads\Self-driving Car\IMG\left_2018_10_21_18_02_52_269.jpg, C:\Users\abdelrahman\Downloads\Self-driving Car\IMG\right_2018_10_21_18_02_52_269.jpg, 0, 0.6457058, 0, 10.43546
C:\Users\abdelrahman\Downloads\Self-driving Car\IMG\center_2018_10_21_18_02_52_705.jpg, C:\Users\abdelrahman\Downloads\Self-driving Car\IMG\left_2018_10_21_18_02_52_705.jpg, C:\Users\abdelrahman\Downloads\Self-driving Car\IMG\right_2018_10_21_18_02_52_705.jpg, -1, 0, 0, 9.338165
C:\Users\abdelrahman\Downloads\Self-driving Car\IMG\center_2018_10_21_18_02_52_971.jpg, C:\Users\abdelrahman\Downloads\Self-driving Car\IMG\left_2018_10_21_18_02_52_971.jpg, C:\Users\abdelrahman\Downloads\Self-driving Car\IMG\right_2018_10_21_18_02_52_971.jpg, -0.1975509, 0, 0, 9.013312
C:\Users\abdelrahman\Downloads\Self-driving Car\IMG\center_2018_10_21_18_02_53_082.jpg, C:\Users\abdelrahman\Downloads\Self-driving Car\IMG\left_2018_10_21_18_02_53_082.jpg, C:\Users\abdelrahman\Downloads\Self-driving Car\IMG\right_2018_10_21_18_02_53_082.jpg, 0, 0, 0, 8.8946
C:\Users\abdelrahman\Downloads\Self-driving Car\IMG\center_2018_10_21_18_02_53_194.jpg, C:\Users\abdelrahman\Downloads\Self-driving Car\IMG\left_2018_10_21_18_02_53_194.jpg, C:\Users\abdelrahman\Downloads\Self-driving Car\IMG\right_2018_10_21_18_02_53_194.jpg, 0, 0, 0, 8.787293
C:\Users\abdelrahman\Downloads\Self-driving Car\IMG\center_2018_10_21_18_02_53_722.jpg, C:\Users\abdelrahman\Downloads\Self-driving Car\IMG\left_2018_10_21_18_02_53_722.jpg, C:\Users\abdelrahman\Downloads\Self-driving Car\IMG\right_2018_10_21_18_02_53_722.jpg, 0, 0, 0, 8.491025
C:\Users\abdelrahman\Downloads\Self-driving Car\IMG\center_2018_10_21_18_02_53_830.jpg, C:\Users\abdelrahman\Downloads\Self-driving Car\IMG\left_2018_10_21_18_02_53_830.jpg, C:\Users\abdelrahman\Downloads\Self-driving Car\IMG\right_2018_10_21_18_02_53_830.jpg, 0, 0, 0, 8.405806
C:\Users\abdelrahman\Downloads\Self-driving Car\IMG\center_2018_10_21_18_02_53_957.jpg, C:\Users\abdelrahman\Downloads\Self-driving Car\IMG\left_2018_10_21_18_02_53_957.jpg, C:\Users\abdelrahman\Downloads\Self-driving Car\IMG\right_2018_10_21_18_02_53_957.jpg, 0, 0, 0, 8.304674
C:\Users\abdelrahman\Downloads\Self-driving Car\IMG\center_2018_10_21_18_02_54_059.jpg, C:\Users\abdelrahman\Downloads\Self-driving Car\IMG\left_2018_10_21_18_02_54_059.jpg, C:\Users\abdelrahman\Downloads\Self-driving Car\IMG\right_2018_10_21_18_02_54_059.jpg, 0, 0, 0, 8.204756
C:\Users\abdelrahman\Downloads\Self-driving Car\IMG\center_2018_10_21_18_02_54_209.jpg, C:\Users\abdelrahman\Downloads\Self-driving Car\IMG\left_2018_10_21_18_02_54_209.jpg, C:\Users\abdelrahman\Downloads\Self-driving Car\IMG\right_2018_10_21_18_02_54_209.jpg, 0, 0, 0, 8.089709
C:\Users\abdelrahman\Downloads\Self-driving Car\IMG\center_2018_10_21_18_02_54_330.jpg, C:\Users\abdelrahman\Downloads\Self-driving Car\IMG\left_2018_10_21_18_02_54_330.jpg, C:\Users\abdelrahman\Downloads\Self-driving Car\IMG\right_2018_10_21_18_02_54_330.jpg, 0, 0, 0, 7.992379
C:\Users\abdelrahman\Downloads\Self-driving Car\IMG\center_2018_10_21_18_02_54_596.jpg, C:\Users\abdelrahman\Downloads\Self-driving Car\IMG\left_2018_10_21_18_02_54_596.jpg, C:\Users\abdelrahman\Downloads\Self-driving Car\IMG\right_2018_10_21_18_02_54_596.jpg, 0, 0, 0, 7.78523
C:\Users\abdelrahman\Downloads\Self-driving Car\IMG\center_2018_10_21_18_02_54_779.jpg, C:\Users\abdelrahman\Downloads\Self-driving Car\IMG\left_2018_10_21_18_02_54_779.jpg, C:\Users\abdelrahman\Downloads\Self-driving Car\IMG\right_2018_10_21_18_02_54_779.jpg, 0, 0, 0, 7.645165
C:\Users\abdelrahman\Downloads\Self-driving Car\IMG\center_2018_10_21_18_02_54_910.jpg, C:\Users\abdelrahman\Downloads\Self-driving Car\IMG\left_2018_10_21_18_02_54_910.jpg, C:\Users\abdelrahman\Downloads\Self-driving Car\IMG\right_2018_10_21_18_02_54_910.jpg, 0, 0, 0, 7.53797
C:\Users\abdelrahman\Downloads\Self-driving Car\IMG\center_2018_10_21_18_02_55_211.jpg, C:\Users\abdelrahman\Downloads\Self-driving Car\IMG\left_2018_10_21_18_02_55_211.jpg, C:\Users\abdelrahman\Downloads\Self-driving Car\IMG\right_2018_10_21_18_02_55_211.jpg, 0, 0, 0, 7.31325
C:\Users\abdelrahman\Downloads\Self-driving Car\IMG\center_2018_10_21_18_02_55_370.jpg, C:\Users\abdelrahman\Downloads\Self-driving Car\IMG\left_2018_10_21_18_02_55_370.jpg, C:\Users\abdelrahman\Downloads\Self-driving Car\IMG\right_2018_10_21_18_02_55_370.jpg, 0, 0, 0, 7.195953
C:\Users\abdelrahman\Downloads\Self-driving Car\IMG\center_2018_10_21_18_02_55_502.jpg, C:\Users\abdelrahman\Downloads\Self-driving Car\IMG\left_2018_10_21_18_02_55_502.jpg, C:\Users\abdelrahman\Downloads\Self-driving Car\IMG\right_2018_10_21_18_02_55_502.jpg, 0, 0, 0, 7.095053
C:\Users\abdelrahman\Downloads\Self-driving Car\IMG\center_2018_10_21_18_02_55_645.jpg, C:\Users\abdelrahman\Downloads\Self-driving Car\IMG\left_2018_10_21_18_02_55_645.jpg, C:\Users\abdelrahman\Downloads\Self-driving Car\IMG\right_2018_10_21_18_02_55_645.jpg, 0, 0, 0, 6.995567
C:\Users\abdelrahman\Downloads\Self-driving Car\IMG\center_2018_10_21_18_02_55_753.jpg, C:\Users\abdelrahman\Downloads\Self-driving Car\IMG\left_2018_10_21_18_02_55_753.jpg, C:\Users\abdelrahman\Downloads\Self-driving Car\IMG\right_2018_10_21_18_02_55_753.jpg, 0, 0, 0, 6.925362
C:\Users\abdelrahman\Downloads\Self-driving Car\IMG\center_2018_10_21_18_02_55_874.jpg, C:\Users\abdelrahman\Downloads\Self-driving Car\IMG\left_2018_10_21_18_02_55_874.jpg, C:\Users\abdelrahman\Downloads\Self-driving Car\IMG\right_2018_10_21_18_02_55_874.jpg, 0, 0, 0, 6.841881
C:\Users\abdelrahman\Downloads\Self-driving Car\IMG\center_2018_10_21_18_02_56_034.jpg, C:\Users\abdelrahman\Downloads\Self-driving Car\IMG\left_2018_10_21_18_02_56_034.jpg, C:\Users\abdelrahman\Downloads\Self-driving Car\IMG\right_2018_10_21_18_02_56_034.jpg, 0, 0, 0, 6.732026
C:\Users\abdelrahman\Downloads\Self-driving Car\IMG\center_2018_10_21_18_02_56_167.jpg, C:\Users\abdelrahman\Downloads\Self-driving Car\IMG\left_2018_10_21_18_02_56_167.jpg, C:\Users\abdelrahman\Downloads\Self-driving Car\IMG\right_2018_10_21_18_02_56_167.jpg, 0, 0, 0, 6.637352
C:\Users\abdelrahman\Downloads\Self-driving Car\IMG\center_2018_10_21_18_02_56_266.jpg, C:\Users\abdelrahman\Downloads\Self-driving Car\IMG\left_2018_10_21_18_02_56_266.jpg, C:\Users\abdelrahman\Downloads\Self-driving Car\IMG\right_2018_10_21_18_02_56_266.jpg, 0, 0, 0, 6.570546
C:\Users\abdelrahman\Downloads\Self-driving Car\IMG\center_2018_10_21_18_02_56_373.jpg, C:\Users\abdelrahman\Downloads\Self-driving Car\IMG\left_2018_10_21_18_02_56_373.jpg, C:\Users\abdelrahman\Downloads\Self-driving Car\IMG\right_2018_10_21_18_02_56_373.jpg, 0, 0, 0, 6.50441
C:\Users\abdelrahman\Downloads\Self-driving Car\IMG\center_2018_10_21_18_02_56_479.jpg, C:\Users\abdelrahman\Downloads\Self-driving Car\IMG\left_2018_10_21_18_02_56_479.jpg, C:\Users\abdelrahman\Downloads\Self-driving Car\IMG\right_2018_10_21_18_02_56_479.jpg, 0, 0, 0, 6.425798
C:\Users\abdelrahman\Downloads\Self-driving Car\IMG\center_2018_10_21_18_02_56_724.jpg, C:\Users\abdelrahman\Downloads\Self-driving Car\IMG\left_2018_10_21_18_02_56_724.jpg, C:\Users\abdelrahman\Downloads\Self-driving Car\IMG\right_2018_10_21_18_02_56_724.jpg, 0, 0, 0, 6.271298
C:\Users\abdelrahman\Downloads\Self-driving Car\IMG\center_2018_10_21_18_02_56_822.jpg, C:\Users\abdelrahman\Downloads\Self-driving Car\IMG\left_2018_10_21_18_02_56_822.jpg, C:\Users\abdelrahman\Downloads\Self-driving Car\IMG\right_2018_10_21_18_02_56_822.jpg, 0, 0, 0, 6.207932
C:\Users\abdelrahman\Downloads\Self-driving Car\IMG\center_2018_10_21_18_02_56_928.jpg, C:\Users\abdelrahman\Downloads\Self-driving Car\IMG\left_2018_10_21_18_02_56_928.jpg, C:\Users\abdelrahman\Downloads\Self-driving Car\IMG\right_2018_10_21_18_02_56_928.jpg, 0, 0, 0, 6.145142
C:\Users\abdelrahman\Downloads\Self-driving Car\IMG\center_2018_10_21_18_02_57_034.jpg, C:\Users\abdelrahman\Downloads\Self-driving Car\IMG\left_2018_10_21_18_02_57_034.jpg, C:\Users\abdelrahman\Downloads\Self-driving Car\IMG\right_2018_10_21_18_02_57_034.jpg, 0, 0, 0, 6.082985
C:\Users\abdelrahman\Downloads\Self-driving Car\IMG\center_2018_10_21_18_02_57_139.jpg, C:\Users\abdelrahman\Downloads\Self-driving Car\IMG\left_2018_10_21_18_02_57_139.jpg, C:\Users\abdelrahman\Downloads\Self-driving Car\IMG\right_2018_10_21_18_02_57_139.jpg, 0, 0, 0, 6.009223
C:\Users\abdelrahman\Downloads\Self-driving Car\IMG\center_2018_10_21_18_02_57_263.jpg, C:\Users\abdelrahman\Downloads\Self-driving Car\IMG\left_2018_10_21_18_02_57_263.jpg, C:\Users\abdelrahman\Downloads\Self-driving Car\IMG\right_2018_10_21_18_02_57_263.jpg, 0, 0, 0, 5.936349
C:\Users\abdelrahman\Downloads\Self-driving Car\IMG\center_2018_10_21_18_02_57_375.jpg, C:\Users\abdelrahman\Downloads\Self-driving Car\IMG\left_2018_10_21_18_02_57_375.jpg, C:\Users\abdelrahman\Downloads\Self-driving Car\IMG\right_2018_10_21_18_02_57_375.jpg, 0, 0, 0, 5.864355
C:\Users\abdelrahman\Downloads\Self-driving Car\IMG\center_2018_10_21_18_02_57_479.jpg, C:\Users\abdelrahman\Downloads\Self-driving Car\IMG\left_2018_10_21_18_02_57_479.jpg, C:\Users\abdelrahman\Downloads\Self-driving Car\IMG\right_2018_10_21_18_02_57_479.jpg, 0, 0, 0, 5.805027
C:\Users\abdelrahman\Downloads\Self-driving Car\IMG\center_2018_10_21_18_02_57_591.jpg, C:\Users\abdelrahman\Downloads\Self-driving Car\IMG\left_2018_10_21_18_02_57_591.jpg, C:\Users\abdelrahman\Downloads\Self-driving Car\IMG\right_2018_10_21_18_02_57_591.jpg, 0, 0, 0, 5.746199
C:\Users\abdelrahman\Downloads\Self-driving Car\IMG\center_2018_10_21_18_02_57_692.jpg, C:\Users\abdelrahman\Downloads\Self-driving Car\IMG\left_2018_10_21_18_02_57_692.jpg, C:\Users\abdelrahman\Downloads\Self-driving Car\IMG\right_2018_10_21_18_02_57_692.jpg, 0, 0, 0, 5.687938
C:\Users\abdelrahman\Downloads\Self-driving Car\IMG\center_2018_10_21_18_02_57_810.jpg, C:\Users\abdelrahman\Downloads\Self-driving Car\IMG\left_2018_10_21_18_02_57_810.jpg, C:\Users\abdelrahman\Downloads\Self-driving Car\IMG\right_2018_10_21_18_02_57_810.jpg, 0, 0, 0, 5.618794
C:\Users\abdelrahman\Downloads\Self-driving Car\IMG\center_2018_10_21_18_02_57_912.jpg, C:\Users\abdelrahman\Downloads\Self-driving Car\IMG\left_2018_10_21_18_02_57_912.jpg, C:\Users\abdelrahman\Downloads\Self-driving Car\IMG\right_2018_10_21_18_02_57_912.jpg, 0, 0, 0, 5.56181
C:\Users\abdelrahman\Downloads\Self-driving Car\IMG\center_2018_10_21_18_02_58_018.jpg, C:\Users\abdelrahman\Downloads\Self-driving Car\IMG\left_2018_10_21_18_02_58_018.jpg, C:\Users\abdelrahman\Downloads\Self-driving Car\IMG\right_2018_10_21_18_02_58_018.jpg, 0, 0, 0, 5.494183
C:\Users\abdelrahman\Downloads\Self-driving Car\IMG\center_2018_10_21_18_02_58_124.jpg, C:\Users\abdelrahman\Downloads\Self-driving Car\IMG\left_2018_10_21_18_02_58_124.jpg, C:\Users\abdelrahman\Downloads\Self-driving Car\IMG\right_2018_10_21_18_02_58_124.jpg, 0, 0, 0, 5.438449
C:\Users\abdelrahman\Downloads\Self-driving Car\IMG\center_2018_10_21_18_02_58_226.jpg, C:\Users\abdelrahman\Downloads\Self-driving Car\IMG\left_2018_10_21_18_02_58_226.jpg, C:\Users\abdelrahman\Downloads\Self-driving Car\IMG\right_2018_10_21_18_02_58_226.jpg, 0, 0, 0, 5.383275
C:\Users\abdelrahman\Downloads\Self-driving Car\IMG\center_2018_10_21_18_02_58_327.jpg, C:\Users\abdelrahman\Downloads\Self-driving Car\IMG\left_2018_10_21_18_02_58_327.jpg, C:\Users\abdelrahman\Downloads\Self-driving Car\IMG\right_2018_10_21_18_02_58_327.jpg, 0, 0, 0, 5.328653
C:\Users\abdelrahman\Downloads\Self-driving Car\IMG\center_2018_10_21_18_02_58_427.jpg, C:\Users\abdelrahman\Downloads\Self-driving Car\IMG\left_2018_10_21_18_02_58_427.jpg, C:\Users\abdelrahman\Downloads\Self-driving Car\IMG\right_2018_10_21_18_02_58_427.jpg, 0, 0, 0, 5.274581
C:\Users\abdelrahman\Downloads\Self-driving Car\IMG\center_2018_10_21_18_02_58_532.jpg, C:\Users\abdelrahman\Downloads\Self-driving Car\IMG\left_2018_10_21_18_02_58_532.jpg, C:\Users\abdelrahman\Downloads\Self-driving Car\IMG\right_2018_10_21_18_02_58_532.jpg, 0, 0, 0, 5.221051
C:\Users\abdelrahman\Downloads\Self-driving Car\IMG\center_2018_10_21_18_02_58_636.jpg, C:\Users\abdelrahman\Downloads\Self-driving Car\IMG\left_2018_10_21_18_02_58_636.jpg, C:\Users\abdelrahman\Downloads\Self-driving Car\IMG\right_2018_10_21_18_02_58_636.jpg, 0, 0.3288912, 0, 5.454185
C:\Users\abdelrahman\Downloads\Self-driving Car\IMG\center_2018_10_21_18_02_58_738.jpg, C:\Users\abdelrahman\Downloads\Self-driving Car\IMG\left_2018_10_21_18_02_58_738.jpg, C:\Users\abdelrahman\Downloads\Self-driving Car\IMG\right_2018_10_21_18_02_58_738.jpg, 0, 0.02162306, 0, 5.566734
C:\Users\abdelrahman\Downloads\Self-driving Car\IMG\center_2018_10_21_18_02_58_842.jpg, C:\Users\abdelrahman\Downloads\Self-driving Car\IMG\left_2018_10_21_18_02_58_842.jpg, C:\Users\abdelrahman\Downloads\Self-driving Car\IMG\right_2018_10_21_18_02_58_842.jpg, 0, 0.02109318, 0, 5.515449
C:\Users\abdelrahman\Downloads\Self-driving Car\IMG\center_2018_10_21_18_02_58_946.jpg, C:\Users\abdelrahman\Downloads\Self-driving Car\IMG\left_2018_10_21_18_02_58_946.jpg, C:\Users\abdelrahman\Downloads\Self-driving Car\IMG\right_2018_10_21_18_02_58_946.jpg, 0, 0.3286525, 0, 5.715549
C:\Users\abdelrahman\Downloads\Self-driving Car\IMG\center_2018_10_21_18_02_59_052.jpg, C:\Users\abdelrahman\Downloads\Self-driving Car\IMG\left_2018_10_21_18_02_59_052.jpg, C:\Users\abdelrahman\Downloads\Self-driving Car\IMG\right_2018_10_21_18_02_59_052.jpg, 0, 0.3626434, 0, 6.186051
C:\Users\abdelrahman\Downloads\Self-driving Car\IMG\center_2018_10_21_18_02_59_152.jpg, C:\Users\abdelrahman\Downloads\Self-driving Car\IMG\left_2018_10_21_18_02_59_152.jpg, C:\Users\abdelrahman\Downloads\Self-driving Car\IMG\right_2018_10_21_18_02_59_152.jpg, 0, 0.05252064, 0, 6.320031
C:\Users\abdelrahman\Downloads\Self-driving Car\IMG\center_2018_10_21_18_02_59_259.jpg, C:\Users\abdelrahman\Downloads\Self-driving Car\IMG\left_2018_10_21_18_02_59_259.jpg, C:\Users\abdelrahman\Downloads\Self-driving Car\IMG\right_2018_10_21_18_02_59_259.jpg, 0, 0, 0, 6.246354
C:\Users\abdelrahman\Downloads\Self-driving Car\IMG\center_2018_10_21_18_02_59_364.jpg, C:\Users\abdelrahman\Downloads\Self-driving Car\IMG\left_2018_10_21_18_02_59_364.jpg, C:\Users\abdelrahman\Downloads\Self-driving Car\IMG\right_2018_10_21_18_02_59_364.jpg, 0, 0.2897634, 0, 6.389519
C:\Users\abdelrahman\Downloads\Self-driving Car\IMG\center_2018_10_21_18_02_59_472.jpg, C:\Users\abdelrahman\Downloads\Self-driving Car\IMG\left_2018_10_21_18_02_59_472.jpg, C:\Users\abdelrahman\Downloads\Self-driving Car\IMG\right_2018_10_21_18_02_59_472.jpg, 0, 0.5851179, 0, 6.958861
C:\Users\abdelrahman\Downloads\Self-driving Car\IMG\center_2018_10_21_18_02_59_577.jpg, C:\Users\abdelrahman\Downloads\Self-driving Car\IMG\left_2018_10_21_18_02_59_577.jpg, C:\Users\abdelrahman\Downloads\Self-driving Car\IMG\right_2018_10_21_18_02_59_577.jpg, 0, 0.7363907, 0, 8.000404
C:\Users\abdelrahman\Downloads\Self-driving Car\IMG\center_2018_10_21_18_02_59_684.jpg, C:\Users\abdelrahman\Downloads\Self-driving Car\IMG\left_2018_10_21_18_02_59_684.jpg, C:\Users\abdelrahman\Downloads\Self-driving Car\IMG\right_2018_10_21_18_02_59_684.jpg, 0, 0.43676, 0, 8.607288
C:\Users\abdelrahman\Downloads\Self-driving Car\IMG\center_2018_10_21_18_02_59_786.jpg, C:\Users\abdelrahman\Downloads\Self-driving Car\IMG\left_2018_10_21_18_02_59_786.jpg, C:\Users\abdelrahman\Downloads\Self-driving Car\IMG\right_2018_10_21_18_02_59_786.jpg, 0, 0.1275251, 0, 8.83143
C:\Users\abdelrahman\Downloads\Self-driving Car\IMG\center_2018_10_21_18_03_00_141.jpg, C:\Users\abdelrahman\Downloads\Self-driving Car\IMG\left_2018_10_21_18_03_00_141.jpg, C:\Users\abdelrahman\Downloads\Self-driving Car\IMG\right_2018_10_21_18_03_00_141.jpg, 0, 0, 0, 8.544656
C:\Users\abdelrahman\Downloads\Self-driving Car\IMG\center_2018_10_21_18_03_00_327.jpg, C:\Users\abdelrahman\Downloads\Self-driving Car\IMG\left_2018_10_21_18_03_00_327.jpg, C:\Users\abdelrahman\Downloads\Self-driving Car\IMG\right_2018_10_21_18_03_00_327.jpg, 0, 0, 0, 8.392623
C:\Users\abdelrahman\Downloads\Self-driving Car\IMG\center_2018_10_21_18_03_00_431.jpg, C:\Users\abdelrahman\Downloads\Self-driving Car\IMG\left_2018_10_21_18_03_00_431.jpg, C:\Users\abdelrahman\Downloads\Self-driving Car\IMG\right_2018_10_21_18_03_00_431.jpg, 0, 0, 0, 8.292901
C:\Users\abdelrahman\Downloads\Self-driving Car\IMG\center_2018_10_21_18_03_00_597.jpg, C:\Users\abdelrahman\Downloads\Self-driving Car\IMG\left_2018_10_21_18_03_00_597.jpg, C:\Users\abdelrahman\Downloads\Self-driving Car\IMG\right_2018_10_21_18_03_00_597.jpg, 0, 0, 0, 8.16126
C:\Users\abdelrahman\Downloads\Self-driving Car\IMG\center_2018_10_21_18_03_00_729.jpg, C:\Users\abdelrahman\Downloads\Self-driving Car\IMG\left_2018_10_21_18_03_00_729.jpg, C:\Users\abdelrahman\Downloads\Self-driving Car\IMG\right_2018_10_21_18_03_00_729.jpg, 0, 0, 0, 8.063791
C:\Users\abdelrahman\Downloads\Self-driving Car\IMG\center_2018_10_21_18_03_00_830.jpg, C:\Users\abdelrahman\Downloads\Self-driving Car\IMG\left_2018_10_21_18_03_00_830.jpg, C:\Users\abdelrahman\Downloads\Self-driving Car\IMG\right_2018_10_21_18_03_00_830.jpg, 0, 0, 0, 7.967504
C:\Users\abdelrahman\Downloads\Self-driving Car\IMG\center_2018_10_21_18_03_00_949.jpg, C:\Users\abdelrahman\Downloads\Self-driving Car\IMG\left_2018_10_21_18_03_00_949.jpg, C:\Users\abdelrahman\Downloads\Self-driving Car\IMG\right_2018_10_21_18_03_00_949.jpg, 0, 0, 0, 7.888153
C:\Users\abdelrahman\Downloads\Self-driving Car\IMG\center_2018_10_21_18_03_01_067.jpg, C:\Users\abdelrahman\Downloads\Self-driving Car\IMG\left_2018_10_21_18_03_01_067.jpg, C:\Users\abdelrahman\Downloads\Self-driving Car\IMG\right_2018_10_21_18_03_01_067.jpg, 0, 0, 0, 7.793877
C:\Users\abdelrahman\Downloads\Self-driving Car\IMG\center_2018_10_21_18_03_01_179.jpg, C:\Users\abdelrahman\Downloads\Self-driving Car\IMG\left_2018_10_21_18_03_01_179.jpg, C:\Users\abdelrahman\Downloads\Self-driving Car\IMG\right_2018_10_21_18_03_01_179.jpg, 0, 0, 0, 7.700527
C:\Users\abdelrahman\Downloads\Self-driving Car\IMG\center_2018_10_21_18_03_01_288.jpg, C:\Users\abdelrahman\Downloads\Self-driving Car\IMG\left_2018_10_21_18_03_01_288.jpg, C:\Users\abdelrahman\Downloads\Self-driving Car\IMG\right_2018_10_21_18_03_01_288.jpg, 0, 0, 0, 7.608232
C:\Users\abdelrahman\Downloads\Self-driving Car\IMG\center_2018_10_21_18_03_01_392.jpg, C:\Users\abdelrahman\Downloads\Self-driving Car\IMG\left_2018_10_21_18_03_01_392.jpg, C:\Users\abdelrahman\Downloads\Self-driving Car\IMG\right_2018_10_21_18_03_01_392.jpg, 0, 0, 0, 7.531876
C:\Users\abdelrahman\Downloads\Self-driving Car\IMG\center_2018_10_21_18_03_01_532.jpg, C:\Users\abdelrahman\Downloads\Self-driving Car\IMG\left_2018_10_21_18_03_01_532.jpg, C:\Users\abdelrahman\Downloads\Self-driving Car\IMG\right_2018_10_21_18_03_01_532.jpg, 0, 0, 0, 7.426262
C:\Users\abdelrahman\Downloads\Self-driving Car\IMG\center_2018_10_21_18_03_01_686.jpg, C:\Users\abdelrahman\Downloads\Self-driving Car\IMG\left_2018_10_21_18_03_01_686.jpg, C:\Users\abdelrahman\Downloads\Self-driving Car\IMG\right_2018_10_21_18_03_01_686.jpg, 0, 0, 0, 7.322129
C:\Users\abdelrahman\Downloads\Self-driving Car\IMG\center_2018_10_21_18_03_01_796.jpg, C:\Users\abdelrahman\Downloads\Self-driving Car\IMG\left_2018_10_21_18_03_01_796.jpg, C:\Users\abdelrahman\Downloads\Self-driving Car\IMG\right_2018_10_21_18_03_01_796.jpg, 0, 0, 0, 7.234037
C:\Users\abdelrahman\Downloads\Self-driving Car\IMG\center_2018_10_21_18_03_01_905.jpg, C:\Users\abdelrahman\Downloads\Self-driving Car\IMG\left_2018_10_21_18_03_01_905.jpg, C:\Users\abdelrahman\Downloads\Self-driving Car\IMG\right_2018_10_21_18_03_01_905.jpg, 0, 0, 0, 7.161437
C:\Users\abdelrahman\Downloads\Self-driving Car\IMG\center_2018_10_21_18_03_02_020.jpg, C:\Users\abdelrahman\Downloads\Self-driving Car\IMG\left_2018_10_21_18_03_02_020.jpg, C:\Users\abdelrahman\Downloads\Self-driving Car\IMG\right_2018_10_21_18_03_02_020.jpg, 0, 0, 0, 7.075277
C:\Users\abdelrahman\Downloads\Self-driving Car\IMG\center_2018_10_21_18_03_02_122.jpg, C:\Users\abdelrahman\Downloads\Self-driving Car\IMG\left_2018_10_21_18_03_02_122.jpg, C:\Users\abdelrahman\Downloads\Self-driving Car\IMG\right_2018_10_21_18_03_02_122.jpg, 0, 0, 0, 7.004269
C:\Users\abdelrahman\Downloads\Self-driving Car\IMG\center_2018_10_21_18_03_02_366.jpg, C:\Users\abdelrahman\Downloads\Self-driving Car\IMG\left_2018_10_21_18_03_02_366.jpg, C:\Users\abdelrahman\Downloads\Self-driving Car\IMG\right_2018_10_21_18_03_02_366.jpg, 0, 0, 0, 6.836742
C:\Users\abdelrahman\Downloads\Self-driving Car\IMG\center_2018_10_21_18_03_02_471.jpg, C:\Users\abdelrahman\Downloads\Self-driving Car\IMG\left_2018_10_21_18_03_02_471.jpg, C:\Users\abdelrahman\Downloads\Self-driving Car\IMG\right_2018_10_21_18_03_02_471.jpg, 0, 0, 0, 6.754491
C:\Users\abdelrahman\Downloads\Self-driving Car\IMG\center_2018_10_21_18_03_02_582.jpg, C:\Users\abdelrahman\Downloads\Self-driving Car\IMG\left_2018_10_21_18_03_02_582.jpg, C:\Users\abdelrahman\Downloads\Self-driving Car\IMG\right_2018_10_21_18_03_02_582.jpg, 0, 0, 0, 6.686707
C:\Users\abdelrahman\Downloads\Self-driving Car\IMG\center_2018_10_21_18_03_02_697.jpg, C:\Users\abdelrahman\Downloads\Self-driving Car\IMG\left_2018_10_21_18_03_02_697.jpg, C:\Users\abdelrahman\Downloads\Self-driving Car\IMG\right_2018_10_21_18_03_02_697.jpg, 0, 0, 0, 6.606257
C:\Users\abdelrahman\Downloads\Self-driving Car\IMG\center_2018_10_21_18_03_02_802.jpg, C:\Users\abdelrahman\Downloads\Self-driving Car\IMG\left_2018_10_21_18_03_02_802.jpg, C:\Users\abdelrahman\Downloads\Self-driving Car\IMG\right_2018_10_21_18_03_02_802.jpg, 0, 0, 0, 6.539957
C:\Users\abdelrahman\Downloads\Self-driving Car\IMG\center_2018_10_21_18_03_02_905.jpg, C:\Users\abdelrahman\Downloads\Self-driving Car\IMG\left_2018_10_21_18_03_02_905.jpg, C:\Users\abdelrahman\Downloads\Self-driving Car\IMG\right_2018_10_21_18_03_02_905.jpg, 0, 0, 0, 6.474323
C:\Users\abdelrahman\Downloads\Self-driving Car\IMG\center_2018_10_21_18_03_03_006.jpg, C:\Users\abdelrahman\Downloads\Self-driving Car\IMG\left_2018_10_21_18_03_03_006.jpg, C:\Users\abdelrahman\Downloads\Self-driving Car\IMG\right_2018_10_21_18_03_03_006.jpg, 0, 0, 0, 6.409346
C:\Users\abdelrahman\Downloads\Self-driving Car\IMG\center_2018_10_21_18_03_03_134.jpg, C:\Users\abdelrahman\Downloads\Self-driving Car\IMG\left_2018_10_21_18_03_03_134.jpg, C:\Users\abdelrahman\Downloads\Self-driving Car\IMG\right_2018_10_21_18_03_03_134.jpg, 0, 0, 0, 6.319477
C:\Users\abdelrahman\Downloads\Self-driving Car\IMG\center_2018_10_21_18_03_03_242.jpg, C:\Users\abdelrahman\Downloads\Self-driving Car\IMG\left_2018_10_21_18_03_03_242.jpg, C:\Users\abdelrahman\Downloads\Self-driving Car\IMG\right_2018_10_21_18_03_03_242.jpg, -0.04464323, 0, 0, 6.255713
C:\Users\abdelrahman\Downloads\Self-driving Car\IMG\center_2018_10_21_18_03_03_356.jpg, C:\Users\abdelrahman\Downloads\Self-driving Car\IMG\left_2018_10_21_18_03_03_356.jpg, C:\Users\abdelrahman\Downloads\Self-driving Car\IMG\right_2018_10_21_18_03_03_356.jpg, -0.422151, 0, 0, 6.123633
C:\Users\abdelrahman\Downloads\Self-driving Car\IMG\center_2018_10_21_18_03_03_458.jpg, C:\Users\abdelrahman\Downloads\Self-driving Car\IMG\left_2018_10_21_18_03_03_458.jpg, C:\Users\abdelrahman\Downloads\Self-driving Car\IMG\right_2018_10_21_18_03_03_458.jpg, -0.5893824, 0, 0, 5.997584
C:\Users\abdelrahman\Downloads\Self-driving Car\IMG\center_2018_10_21_18_03_03_570.jpg, C:\Users\abdelrahman\Downloads\Self-driving Car\IMG\left_2018_10_21_18_03_03_570.jpg, C:\Users\abdelrahman\Downloads\Self-driving Car\IMG\right_2018_10_21_18_03_03_570.jpg, -0.2552786, 0, 0, 5.938807
C:\Users\abdelrahman\Downloads\Self-driving Car\IMG\center_2018_10_21_18_03_03_681.jpg, C:\Users\abdelrahman\Downloads\Self-driving Car\IMG\left_2018_10_21_18_03_03_681.jpg, C:\Users\abdelrahman\Downloads\Self-driving Car\IMG\right_2018_10_21_18_03_03_681.jpg, 0, 0, 0, 5.865387
C:\Users\abdelrahman\Downloads\Self-driving Car\IMG\center_2018_10_21_18_03_03_790.jpg, C:\Users\abdelrahman\Downloads\Self-driving Car\IMG\left_2018_10_21_18_03_03_790.jpg, C:\Users\abdelrahman\Downloads\Self-driving Car\IMG\right_2018_10_21_18_03_03_790.jpg, 0, 0, 0, 5.794321
C:\Users\abdelrahman\Downloads\Self-driving Car\IMG\center_2018_10_21_18_03_03_906.jpg, C:\Users\abdelrahman\Downloads\Self-driving Car\IMG\left_2018_10_21_18_03_03_906.jpg, C:\Users\abdelrahman\Downloads\Self-driving Car\IMG\right_2018_10_21_18_03_03_906.jpg, 0, 0, 0, 5.736168
C:\Users\abdelrahman\Downloads\Self-driving Car\IMG\center_2018_10_21_18_03_04_012.jpg, C:\Users\abdelrahman\Downloads\Self-driving Car\IMG\left_2018_10_21_18_03_04_012.jpg, C:\Users\abdelrahman\Downloads\Self-driving Car\IMG\right_2018_10_21_18_03_04_012.jpg, 0, 0.3075722, 0, 6.098856
C:\Users\abdelrahman\Downloads\Self-driving Car\IMG\center_2018_10_21_18_03_04_115.jpg, C:\Users\abdelrahman\Downloads\Self-driving Car\IMG\left_2018_10_21_18_03_04_115.jpg, C:\Users\abdelrahman\Downloads\Self-driving Car\IMG\right_2018_10_21_18_03_04_115.jpg, 0, 0.6242046, 0, 6.718138
C:\Users\abdelrahman\Downloads\Self-driving Car\IMG\center_2018_10_21_18_03_04_222.jpg, C:\Users\abdelrahman\Downloads\Self-driving Car\IMG\left_2018_10_21_18_03_04_222.jpg, C:\Users\abdelrahman\Downloads\Self-driving Car\IMG\right_2018_10_21_18_03_04_222.jpg, 0, 0.9411373, 0, 7.767845
C:\Users\abdelrahman\Downloads\Self-driving Car\IMG\center_2018_10_21_18_03_04_324.jpg, C:\Users\abdelrahman\Downloads\Self-driving Car\IMG\left_2018_10_21_18_03_04_324.jpg, C:\Users\abdelrahman\Downloads\Self-driving Car\IMG\right_2018_10_21_18_03_04_324.jpg, 0, 1, 0, 8.892824
C:\Users\abdelrahman\Downloads\Self-driving Car\IMG\center_2018_10_21_18_03_04_430.jpg, C:\Users\abdelrahman\Downloads\Self-driving Car\IMG\left_2018_10_21_18_03_04_430.jpg, C:\Users\abdelrahman\Downloads\Self-driving Car\IMG\right_2018_10_21_18_03_04_430.jpg, 0, 1, 0, 10.23339
C:\Users\abdelrahman\Downloads\Self-driving Car\IMG\center_2018_10_21_18_03_04_546.jpg, C:\Users\abdelrahman\Downloads\Self-driving Car\IMG\left_2018_10_21_18_03_04_546.jpg, C:\Users\abdelrahman\Downloads\Self-driving Car\IMG\right_2018_10_21_18_03_04_546.jpg, 0, 0.6595044, 0, 10.95784
C:\Users\abdelrahman\Downloads\Self-driving Car\IMG\center_2018_10_21_18_03_04_647.jpg, C:\Users\abdelrahman\Downloads\Self-driving Car\IMG\left_2018_10_21_18_03_04_647.jpg, C:\Users\abdelrahman\Downloads\Self-driving Car\IMG\right_2018_10_21_18_03_04_647.jpg, 0, 0.3517231, 0, 11.33937
C:\Users\abdelrahman\Downloads\Self-driving Car\IMG\center_2018_10_21_18_03_04_765.jpg, C:\Users\abdelrahman\Downloads\Self-driving Car\IMG\left_2018_10_21_18_03_04_765.jpg, C:\Users\abdelrahman\Downloads\Self-driving Car\IMG\right_2018_10_21_18_03_04_765.jpg, -0.3495969, 0.002126276, 0, 11.11136
C:\Users\abdelrahman\Downloads\Self-driving Car\IMG\center_2018_10_21_18_03_04_865.jpg, C:\Users\abdelrahman\Downloads\Self-driving Car\IMG\left_2018_10_21_18_03_04_865.jpg, C:\Users\abdelrahman\Downloads\Self-driving Car\IMG\right_2018_10_21_18_03_04_865.jpg, -0.04653687, 0, 0, 10.99099
C:\Users\abdelrahman\Downloads\Self-driving Car\IMG\center_2018_10_21_18_03_04_966.jpg, C:\Users\abdelrahman\Downloads\Self-driving Car\IMG\left_2018_10_21_18_03_04_966.jpg, C:\Users\abdelrahman\Downloads\Self-driving Car\IMG\right_2018_10_21_18_03_04_966.jpg, 0, 0, 0, 10.87785
C:\Users\abdelrahman\Downloads\Self-driving Car\IMG\center_2018_10_21_18_03_05_079.jpg, C:\Users\abdelrahman\Downloads\Self-driving Car\IMG\left_2018_10_21_18_03_05_079.jpg, C:\Users\abdelrahman\Downloads\Self-driving Car\IMG\right_2018_10_21_18_03_05_079.jpg, -0.3364953, 0, 0, 10.70677
C:\Users\abdelrahman\Downloads\Self-driving Car\IMG\center_2018_10_21_18_03_05_185.jpg, C:\Users\abdelrahman\Downloads\Self-driving Car\IMG\left_2018_10_21_18_03_05_185.jpg, C:\Users\abdelrahman\Downloads\Self-driving Car\IMG\right_2018_10_21_18_03_05_185.jpg, -0.02293807, 0, 0, 10.59146
C:\Users\abdelrahman\Downloads\Self-driving Car\IMG\center_2018_10_21_18_03_05_304.jpg, C:\Users\abdelrahman\Downloads\Self-driving Car\IMG\left_2018_10_21_18_03_05_304.jpg, C:\Users\abdelrahman\Downloads\Self-driving Car\IMG\right_2018_10_21_18_03_05_304.jpg, 0, 0, 0, 10.46263
C:\Users\abdelrahman\Downloads\Self-driving Car\IMG\center_2018_10_21_18_03_05_406.jpg, C:\Users\abdelrahman\Downloads\Self-driving Car\IMG\left_2018_10_21_18_03_05_406.jpg, C:\Users\abdelrahman\Downloads\Self-driving Car\IMG\right_2018_10_21_18_03_05_406.jpg, 0, 0, 0, 10.35755
C:\Users\abdelrahman\Downloads\Self-driving Car\IMG\center_2018_10_21_18_03_05_520.jpg, C:\Users\abdelrahman\Downloads\Self-driving Car\IMG\left_2018_10_21_18_03_05_520.jpg, C:\Users\abdelrahman\Downloads\Self-driving Car\IMG\right_2018_10_21_18_03_05_520.jpg, 0, 0, 0, 10.23292
C:\Users\abdelrahman\Downloads\Self-driving Car\IMG\center_2018_10_21_18_03_05_633.jpg, C:\Users\abdelrahman\Downloads\Self-driving Car\IMG\left_2018_10_21_18_03_05_633.jpg, C:\Users\abdelrahman\Downloads\Self-driving Car\IMG\right_2018_10_21_18_03_05_633.jpg, 0, 0.06996505, 0, 10.12086
C:\Users\abdelrahman\Downloads\Self-driving Car\IMG\center_2018_10_21_18_03_05_738.jpg, C:\Users\abdelrahman\Downloads\Self-driving Car\IMG\left_2018_10_21_18_03_05_738.jpg, C:\Users\abdelrahman\Downloads\Self-driving Car\IMG\right_2018_10_21_18_03_05_738.jpg, 0, 0.3834838, 0, 10.38293
C:\Users\abdelrahman\Downloads\Self-driving Car\IMG\center_2018_10_21_18_03_05_846.jpg, C:\Users\abdelrahman\Downloads\Self-driving Car\IMG\left_2018_10_21_18_03_05_846.jpg, C:\Users\abdelrahman\Downloads\Self-driving Car\IMG\right_2018_10_21_18_03_05_846.jpg, 0, 0.6722746, 0, 11.00449
C:\Users\abdelrahman\Downloads\Self-driving Car\IMG\center_2018_10_21_18_03_05_957.jpg, C:\Users\abdelrahman\Downloads\Self-driving Car\IMG\left_2018_10_21_18_03_05_957.jpg, C:\Users\abdelrahman\Downloads\Self-driving Car\IMG\right_2018_10_21_18_03_05_957.jpg, 0, 0.3792834, 0, 11.22568
C:\Users\abdelrahman\Downloads\Self-driving Car\IMG\center_2018_10_21_18_03_06_064.jpg, C:\Users\abdelrahman\Downloads\Self-driving Car\IMG\left_2018_10_21_18_03_06_064.jpg, C:\Users\abdelrahman\Downloads\Self-driving Car\IMG\right_2018_10_21_18_03_06_064.jpg, 0, 0.08896066, 0, 11.96187
C:\Users\abdelrahman\Downloads\Self-driving Car\IMG\center_2018_10_21_18_03_06_244.jpg, C:\Users\abdelrahman\Downloads\Self-driving Car\IMG\left_2018_10_21_18_03_06_244.jpg, C:\Users\abdelrahman\Downloads\Self-driving Car\IMG\right_2018_10_21_18_03_06_244.jpg, 0, 0.6512585, 0, 12.64174
C:\Users\abdelrahman\Downloads\Self-driving Car\IMG\center_2018_10_21_18_03_06_344.jpg, C:\Users\abdelrahman\Downloads\Self-driving Car\IMG\left_2018_10_21_18_03_06_344.jpg, C:\Users\abdelrahman\Downloads\Self-driving Car\IMG\right_2018_10_21_18_03_06_344.jpg, 0, 0.3731573, 0, 13.34607
C:\Users\abdelrahman\Downloads\Self-driving Car\IMG\center_2018_10_21_18_03_06_464.jpg, C:\Users\abdelrahman\Downloads\Self-driving Car\IMG\left_2018_10_21_18_03_06_464.jpg, C:\Users\abdelrahman\Downloads\Self-driving Car\IMG\right_2018_10_21_18_03_06_464.jpg, 0, 0, 0, 13.22356
C:\Users\abdelrahman\Downloads\Self-driving Car\IMG\center_2018_10_21_18_03_06_570.jpg, C:\Users\abdelrahman\Downloads\Self-driving Car\IMG\left_2018_10_21_18_03_06_570.jpg, C:\Users\abdelrahman\Downloads\Self-driving Car\IMG\right_2018_10_21_18_03_06_570.jpg, -0.3160423, 0, 0, 13.00397
C:\Users\abdelrahman\Downloads\Self-driving Car\IMG\center_2018_10_21_18_03_06_676.jpg, C:\Users\abdelrahman\Downloads\Self-driving Car\IMG\left_2018_10_21_18_03_06_676.jpg, C:\Users\abdelrahman\Downloads\Self-driving Car\IMG\right_2018_10_21_18_03_06_676.jpg, 0, 0, 0, 12.6014
C:\Users\abdelrahman\Downloads\Self-driving Car\IMG\center_2018_10_21_18_03_06_781.jpg, C:\Users\abdelrahman\Downloads\Self-driving Car\IMG\left_2018_10_21_18_03_06_781.jpg, C:\Users\abdelrahman\Downloads\Self-driving Car\IMG\right_2018_10_21_18_03_06_781.jpg, 0, 0, 0, 12.78173
C:\Users\abdelrahman\Downloads\Self-driving Car\IMG\center_2018_10_21_18_03_06_888.jpg, C:\Users\abdelrahman\Downloads\Self-driving Car\IMG\left_2018_10_21_18_03_06_888.jpg, C:\Users\abdelrahman\Downloads\Self-driving Car\IMG\right_2018_10_21_18_03_06_888.jpg, 0, 0, 0, 12.5344
C:\Users\abdelrahman\Downloads\Self-driving Car\IMG\center_2018_10_21_18_03_07_076.jpg, C:\Users\abdelrahman\Downloads\Self-driving Car\IMG\left_2018_10_21_18_03_07_076.jpg, C:\Users\abdelrahman\Downloads\Self-driving Car\IMG\right_2018_10_21_18_03_07_076.jpg, -0.5568324, 0, 0, 11.88133
C:\Users\abdelrahman\Downloads\Self-driving Car\IMG\center_2018_10_21_18_03_07_182.jpg, C:\Users\abdelrahman\Downloads\Self-driving Car\IMG\left_2018_10_21_18_03_07_182.jpg, C:\Users\abdelrahman\Downloads\Self-driving Car\IMG\right_2018_10_21_18_03_07_182.jpg, -0.2681326, 0, 0, 11.85095
C:\Users\abdelrahman\Downloads\Self-driving Car\IMG\center_2018_10_21_18_03_07_288.jpg, C:\Users\abdelrahman\Downloads\Self-driving Car\IMG\left_2018_10_21_18_03_07_288.jpg, C:\Users\abdelrahman\Downloads\Self-driving Car\IMG\right_2018_10_21_18_03_07_288.jpg, -0.0309861, 0, 0, 11.75109
C:\Users\abdelrahman\Downloads\Self-driving Car\IMG\center_2018_10_21_18_03_07_390.jpg, C:\Users\abdelrahman\Downloads\Self-driving Car\IMG\left_2018_10_21_18_03_07_390.jpg, C:\Users\abdelrahman\Downloads\Self-driving Car\IMG\right_2018_10_21_18_03_07_390.jpg, 0, 0, 0, 11.4944
C:\Users\abdelrahman\Downloads\Self-driving Car\IMG\center_2018_10_21_18_03_07_520.jpg, C:\Users\abdelrahman\Downloads\Self-driving Car\IMG\left_2018_10_21_18_03_07_520.jpg, C:\Users\abdelrahman\Downloads\Self-driving Car\IMG\right_2018_10_21_18_03_07_520.jpg, 0, 0, 0, 11.52467
C:\Users\abdelrahman\Downloads\Self-driving Car\IMG\center_2018_10_21_18_03_07_622.jpg, C:\Users\abdelrahman\Downloads\Self-driving Car\IMG\left_2018_10_21_18_03_07_622.jpg, C:\Users\abdelrahman\Downloads\Self-driving Car\IMG\right_2018_10_21_18_03_07_622.jpg, 0, 0, 0, 11.27089
C:\Users\abdelrahman\Downloads\Self-driving Car\IMG\center_2018_10_21_18_03_07_729.jpg, C:\Users\abdelrahman\Downloads\Self-driving Car\IMG\left_2018_10_21_18_03_07_729.jpg, C:\Users\abdelrahman\Downloads\Self-driving Car\IMG\right_2018_10_21_18_03_07_729.jpg, 0, 0, 0, 11.0987
C:\Users\abdelrahman\Downloads\Self-driving Car\IMG\center_2018_10_21_18_03_07_832.jpg, C:\Users\abdelrahman\Downloads\Self-driving Car\IMG\left_2018_10_21_18_03_07_832.jpg, C:\Users\abdelrahman\Downloads\Self-driving Car\IMG\right_2018_10_21_18_03_07_832.jpg, 0, 0, 0, 11.16498
C:\Users\abdelrahman\Downloads\Self-driving Car\IMG\center_2018_10_21_18_03_07_935.jpg, C:\Users\abdelrahman\Downloads\Self-driving Car\IMG\left_2018_10_21_18_03_07_935.jpg, C:\Users\abdelrahman\Downloads\Self-driving Car\IMG\right_2018_10_21_18_03_07_935.jpg, 0, 0, 0, 11.05286
C:\Users\abdelrahman\Downloads\Self-driving Car\IMG\center_2018_10_21_18_03_08_072.jpg, C:\Users\abdelrahman\Downloads\Self-driving Car\IMG\left_2018_10_21_18_03_08_072.jpg, C:\Users\abdelrahman\Downloads\Self-driving Car\IMG\right_2018_10_21_18_03_08_072.jpg, 0, 0, 0, 10.89786
C:\Users\abdelrahman\Downloads\Self-driving Car\IMG\center_2018_10_21_18_03_08_191.jpg, C:\Users\abdelrahman\Downloads\Self-driving Car\IMG\left_2018_10_21_18_03_08_191.jpg, C:\Users\abdelrahman\Downloads\Self-driving Car\IMG\right_2018_10_21_18_03_08_191.jpg, 0, 0, 0, 10.76672
C:\Users\abdelrahman\Downloads\Self-driving Car\IMG\center_2018_10_21_18_03_08_322.jpg, C:\Users\abdelrahman\Downloads\Self-driving Car\IMG\left_2018_10_21_18_03_08_322.jpg, C:\Users\abdelrahman\Downloads\Self-driving Car\IMG\right_2018_10_21_18_03_08_322.jpg, 0, 0, 0, 10.63717
C:\Users\abdelrahman\Downloads\Self-driving Car\IMG\center_2018_10_21_18_03_08_429.jpg, C:\Users\abdelrahman\Downloads\Self-driving Car\IMG\left_2018_10_21_18_03_08_429.jpg, C:\Users\abdelrahman\Downloads\Self-driving Car\IMG\right_2018_10_21_18_03_08_429.jpg, 0, 0, 0, 10.50918
C:\Users\abdelrahman\Downloads\Self-driving Car\IMG\center_2018_10_21_18_03_08_536.jpg, C:\Users\abdelrahman\Downloads\Self-driving Car\IMG\left_2018_10_21_18_03_08_536.jpg, C:\Users\abdelrahman\Downloads\Self-driving Car\IMG\right_2018_10_21_18_03_08_536.jpg, 0, 0, 0, 10.4037
C:\Users\abdelrahman\Downloads\Self-driving Car\IMG\center_2018_10_21_18_03_08_637.jpg, C:\Users\abdelrahman\Downloads\Self-driving Car\IMG\left_2018_10_21_18_03_08_637.jpg, C:\Users\abdelrahman\Downloads\Self-driving Car\IMG\right_2018_10_21_18_03_08_637.jpg, 0, 0, 0, 10.29927
C:\Users\abdelrahman\Downloads\Self-driving Car\IMG\center_2018_10_21_18_03_08_745.jpg, C:\Users\abdelrahman\Downloads\Self-driving Car\IMG\left_2018_10_21_18_03_08_745.jpg, C:\Users\abdelrahman\Downloads\Self-driving Car\IMG\right_2018_10_21_18_03_08_745.jpg, 0, 0, 0, 10.1959
C:\Users\abdelrahman\Downloads\Self-driving Car\IMG\center_2018_10_21_18_03_08_845.jpg, C:\Users\abdelrahman\Downloads\Self-driving Car\IMG\left_2018_10_21_18_03_08_845.jpg, C:\Users\abdelrahman\Downloads\Self-driving Car\IMG\right_2018_10_21_18_03_08_845.jpg, 0, 0, 0, 10.09355
C:\Users\abdelrahman\Downloads\Self-driving Car\IMG\center_2018_10_21_18_03_08_952.jpg, C:\Users\abdelrahman\Downloads\Self-driving Car\IMG\left_2018_10_21_18_03_08_952.jpg, C:\Users\abdelrahman\Downloads\Self-driving Car\IMG\right_2018_10_21_18_03_08_952.jpg, 0, 0, 0, 9.972099
C:\Users\abdelrahman\Downloads\Self-driving Car\IMG\center_2018_10_21_18_03_09_058.jpg, C:\Users\abdelrahman\Downloads\Self-driving Car\IMG\left_2018_10_21_18_03_09_058.jpg, C:\Users\abdelrahman\Downloads\Self-driving Car\IMG\right_2018_10_21_18_03_09_058.jpg, 0, 0, 0, 9.872005
C:\Users\abdelrahman\Downloads\Self-driving Car\IMG\center_2018_10_21_18_03_09_226.jpg, C:\Users\abdelrahman\Downloads\Self-driving Car\IMG\left_2018_10_21_18_03_09_226.jpg, C:\Users\abdelrahman\Downloads\Self-driving Car\IMG\right_2018_10_21_18_03_09_226.jpg, 0, 0, 0, 9.713947
C:\Users\abdelrahman\Downloads\Self-driving Car\IMG\center_2018_10_21_18_03_09_358.jpg, C:\Users\abdelrahman\Downloads\Self-driving Car\IMG\left_2018_10_21_18_03_09_358.jpg, C:\Users\abdelrahman\Downloads\Self-driving Car\IMG\right_2018_10_21_18_03_09_358.jpg, 0, 0, 0, 9.577725
C:\Users\abdelrahman\Downloads\Self-driving Car\IMG\center_2018_10_21_18_03_09_464.jpg, C:\Users\abdelrahman\Downloads\Self-driving Car\IMG\left_2018_10_21_18_03_09_464.jpg, C:\Users\abdelrahman\Downloads\Self-driving Car\IMG\right_2018_10_21_18_03_09_464.jpg, 0, 0, 0, 9.481591
